name,Unnamed: 0,pass_cmp,pass_att,pass_yd,pass_td,pass_int,sacks,rush_att,rush_yd,rush_td,tar,rec,rec_yd,rec_td,fum,g,team,pass_yd_p25,pass_yd_p75,rush_yd_p25,rush_yd_p75,rec_yd_p25,rec_yd_p75,pass_td_p25,pass_td_p75,rush_td_p25,rush_td_p75,rec_td_p25,rec_td_p75
Aaron Rodgers,0,19.602871612715724,30.678814692981188,211.08698140264104,1.122309844023461,0.7391236597370308,2.4464250483158247,1.4173043482079697,9.38925437270536,0.0,0.0,0.0,0.0,0.0,0.2969571594444019,8,PIT,105.16835557208822,190.2578186507557,4.615909032983043,8.485154955041168,0.0,0.0,0.5627224842898785,1.0192363029303366,0.0,0.0,0.0,0.0
Alvin Kamara,1,0.0,0.0,0.0,0.0,0.0,0.0,14.095420571105809,52.00867399484281,0.0,5.327181597889992,4.40627449767455,39.52653693048027,0.3682130510170229,0.0,6,NO,0.0,0.0,41.64748907807254,62.6782788585238,31.4995991080717,47.71839731421055,0.0,0.0,0.0,0.0,0.29415152408171563,0.4433454286360659
Anthony Richardson,2,11.838632163415838,23.497717416580656,153.31422953120344,0.756402044737819,1.2589906044868369,1.116258766221845,8.595364662589702,56.58046565517692,0.970614033298384,0.2855779076930608,0.2855779076930608,-0.2855779076930608,0.0,0.2350877336129276,5,IND,77.16165703123016,137.91861177368995,28.180705061521657,50.91576554909743,-0.2855779076930608,-0.2855779076930608,0.37582886931738957,0.6814069220636056,0.4823640377515201,0.8734677683700972,0.0,0.0
Baker Mayfield,3,25.16511698432081,33.23986869465278,305.1837697450942,3.189289442887405,0.76470893638532,2.564739594196859,2.1538019533870205,18.16219525223501,0.0545474199721079,0.0,0.0,0.0,0.0,0.6836368395119065,8,TB,242.80317152481683,367.69091464338265,14.573827249467582,21.90322535445533,0.0,0.0,2.543539144298304,3.8204582026440486,0.043253712517496,0.06523443373600091,0.0,0.0
Bijan Robinson,4,0.0,0.0,0.0,0.0,0.0,0.0,20.167536012712308,96.25492586523042,1.368574381644002,3.5338264920192346,2.685075130760234,12.937922310095445,0.0,0.3299511895616404,8,ATL,0.0,0.0,47.81935530849039,87.3329301956849,6.4820638354470965,11.656310476654546,0.0,0.0,0.6792657219411278,1.2293946634055501,0.0,0.0
Bo Nix,5,24.099837251372,34.626770934068,227.58862098763456,2.4796875684074227,1.0532339679193723,1.6005972166374791,5.160203444241405,22.34823013488894,0.0,0.0201861404276726,0.0201861404276726,0.0403722808553452,0.0201861404276726,0.6241126830165715,8,DEN,113.2911461749148,206.28608091211777,11.173810772336125,20.031808231013933,0.020070215173199818,0.03674376100503861,1.223202834830296,2.2252512323904456,0.0,0.0,0.010033784597966375,0.01815079641585409
Breece Hall,6,0.0,0.0,0.0,0.0,0.0,0.0,11.40799263530077,47.709398508301724,0.2260808125138631,2.903413054238266,2.510744277155613,19.769693056163,0.0437722789166829,0.2001107795944111,7,NYJ,0.0,0.0,23.659495373808518,42.69706023223193,9.829518732127166,18.060760200951464,0.0,0.0,0.11145845877393046,0.20226968789111863,0.02166093347382775,0.039288760080768106
Brian Robinson Jr.,7,0.0,0.0,0.0,0.0,0.0,0.0,13.5702467653404,52.646033111926826,0.1317278507882888,2.306445679921968,1.9868109767256208,13.266057494995064,0.0,0.515498271423832,6,SF,0.0,0.0,41.982824185139094,63.49578286874489,10.562614995266824,16.01740349356373,0.0,0.0,0.10611707244467514,0.15862000237034116,0.0,0.0
Bryce Young,8,17.738947115229657,29.880430724758774,202.0041720776077,1.551738049340058,0.4480917881544897,3.602279000748257,3.567087307752677,26.56766738566464,0.4641415202124804,0.0,0.0,0.0,0.0,1.0217117652858565,8,CAR,99.80878875912622,181.60413295305966,13.178928603858672,24.11860753141856,0.0,0.0,0.7660128375363107,1.3981591560726496,0.23079117832546495,0.4186037654958837,0.0,0.0
Caleb Williams,9,20.108372986923737,32.769416060317546,207.4296713904285,1.1355557713225313,0.3126151488593153,4.666010481216908,4.987762708133265,30.073638139543345,0.0,0.0,0.0,0.0,0.0,1.0106847762621665,9,CHI,101.11365974046763,186.6937302491435,14.710897271940153,27.113743430349146,0.0,0.0,0.5657042119300143,1.0147470306069142,0.0,0.0,0.0,0.0
Chase Brown,10,0.0,0.0,0.0,0.0,0.0,0.0,19.05421272258726,77.67890919430138,0.2680702627494698,4.306516442617655,3.948187273075863,28.72535027296581,0.2938703703802077,0.0271728992505161,8,CIN,0.0,0.0,38.670815650787475,70.23430511204364,14.173760469269155,25.835199385462218,0.0,0.0,0.13302348271385714,0.24162210127444952,0.14636949236562088,0.26622455893207086
Christian McCaffrey,11,0.0,0.0,0.0,0.0,0.0,0.0,11.239242005527045,50.054086063955786,0.0,4.20489538097118,3.204895380971181,30.18318199763127,0.0,0.2763521515988946,4,SF,0.0,0.0,40.013571641753174,60.0030061789861,24.07710845930979,36.41427716942471,0.0,0.0,0.0,0.0,0.0,0.0
Cooper Rush,12,19.43483927522041,31.62755100878079,206.12123552784507,1.4403858682559547,0.7692361534255254,1.2684888922413735,2.524815807857676,1.3016258916944627,0.0,0.0,0.0,0.0,0.0,0.5770327352233375,9,BAL,102.7876888026947,186.92376581979454,0.6449198719454634,1.1767681956430092,0.0,0.0,0.7111849882321858,1.2979301787101516,0.0,0.0,0.0,0.0
D'Andre Swift,13,0.0,0.0,0.0,0.0,0.0,0.0,12.856339562149534,46.674076711712296,0.0367788596481495,3.2299773443737623,2.6825350741457954,23.37817397808945,0.0,0.0180216412275932,9,CHI,0.0,0.0,22.878122888583377,41.91572151814254,11.609096718031726,21.112722167973843,0.0,0.0,0.018608774088657187,0.03345745282523088,0.0,0.0
Dak Prescott,14,18.0,24.0,133.0,1.0,0.0,3.0,3.0,30.0,0.0,0.0,0.0,0.0,0.0,0.0,1,DAL,65.76992870474744,119.41048100190399,14.932391541213029,27.124973710455176,0.0,0.0,0.5023750430810469,0.9090150826080377,0.0,0.0,0.0,0.0
Daniel Jones,15,21.176470588235297,32.47058823529412,183.41176470588235,0.8235294117647058,1.1764705882352942,2.0,7.0,37.52941176470589,1.0,0.0,0.0,0.0,0.0,0.4117647058823529,2,IND,91.94009225333157,165.88702360273365,18.80030648151388,33.997913659188754,0.0,0.0,0.41006132462106665,0.7457489123505432,0.5025406749035181,0.9016083759486543,0.0,0.0
David Montgomery,16,0.0,0.0,0.0,0.0,0.0,0.0,11.590216027819888,41.67788842687325,0.5529160110487086,3.729670503550553,3.6747244606496823,31.26357165951957,0.0,0.0549460429008712,7,DET,0.0,0.0,20.659930893832595,37.5673515217171,15.63130066514632,27.97611325288448,0.0,0.0,0.27141874145223444,0.5009834565001196,0.0,0.0
De'Von Achane,17,0.0,0.0,0.0,0.0,0.0,0.0,12.386894071304033,50.4338739477761,0.3808581011360087,5.285613024755046,4.831955299184874,37.64134830025876,0.1981629946062851,0.1531814229410645,9,MIA,0.0,0.0,25.471029387291047,45.76051611313741,18.94220070725582,33.78733267006381,0.0,0.0,0.18695695249539132,0.3454745947762268,0.09846413040116445,0.17900727496427993
Derrick Henry,18,0.0,0.0,0.0,0.0,0.0,0.0,22.21027968658165,124.58971617520425,0.4605677937181581,1.491795825979042,1.491795825979042,15.990657051998818,0.0,0.0613823453821065,8,BAL,0.0,0.0,62.30512741056033,112.59053347358586,7.967529546388136,14.295219814328815,0.0,0.0,0.22792577904144562,0.4157138239425415,0.0,0.0
Drake Maye,19,18.379605056592283,28.32891771859494,193.75898531270505,1.2863095800626263,0.6700241759873975,3.0389062892734,5.373024644878779,31.173276436542874,0.1715793625757348,0.0,0.0,0.0,0.0,1.1523882844056514,8,NE,153.5518718231718,232.51027616746714,24.861605089969263,37.42871954474348,0.0,0.0,1.0254457887237258,1.5494655353032292,0.13693833803219035,0.20639374318808903,0.0,0.0
Drew Lock,20,18.28235903670492,30.580608444130764,235.43981445595367,1.9174516659391232,0.8090422124944414,1.7243194066507015,3.416898868703517,14.124968892406482,0.5059216619002355,0.0,0.0,0.0,0.0,0.3835311300317807,5,SEA,116.88268513849451,211.550822084841,7.005791929264893,12.65920819014094,0.0,0.0,0.9443541340652569,1.7191317435697056,0.25197872549926065,0.45525434694897887,0.0,0.0
Geno Smith,21,21.47732448160906,29.224782437212443,215.5665484262578,0.9703661294332132,0.7536299991187776,2.664806668369,2.0323956710197937,10.332382488464075,0.0377507605960507,0.0,0.0,0.0,0.0,0.861991159020804,8,LV,170.02245444668148,257.6305725808153,8.163681642462112,12.391022295820077,0.0,0.0,0.7746928048178108,1.165915755640539,0.030176773003594046,0.04517190601358337,0.0,0.0
Jahmyr Gibbs,22,0.0,0.0,0.0,0.0,0.0,0.0,16.364893108080487,86.58378512240186,0.8445101330152137,4.668162573920079,3.9490844863728887,45.04428326757646,0.2604084189998096,0.0750588972411216,9,DET,0.0,0.0,43.881973926048914,78.49360236230658,22.230310168841473,40.58638750734184,0.0,0.0,0.4211368101823604,0.7631492288417135,0.12848179624692996,0.23606521197413716
Jake Browning,23,0.0,0.0,0.0,0.0,0.0,0.0,1.0,-1.0,0.0,0.0,0.0,0.0,0.0,0.0,2,CIN,0.0,0.0,-1.0,-1.0,0.0,0.0,0.0,0.0,0.0,0.0,0.0,0.0
Jaleel McLaughlin,24,0.0,0.0,0.0,0.0,0.0,0.0,8.762987248697343,51.32778963948548,0.0,1.99052398735218,1.8011901134793036,6.469218963235873,0.0,0.0,7,DEN,0.0,0.0,25.845853038214134,46.451605353086286,3.1944245885925957,5.850764288919707,0.0,0.0,0.0,0.0,0.0,0.0
Jalen Hurts,25,12.380476874676097,18.313107143754213,136.962184480557,1.0706529945355132,0.037453839302658,1.96027003667706,8.583750823299052,44.37249995089415,0.6426650513042371,0.0,0.0,0.0,0.0,0.5254880397716356,8,PHI,68.91217680012227,123.1834594003611,21.969314731851334,40.00417076073834,0.0,0.0,0.5221173435278721,0.9636726952393608,0.321873953883424,0.5808349088899278,0.0,0.0
Jameis Winston,26,22.79543260241549,37.30432977750749,254.4440956305788,1.3691430836783132,2.2713653105129503,3.5766488200808864,2.8115014482405773,10.54685930878122,0.118654369507695,0.0,0.0,0.0,0.0,0.7474356991907634,6,NYG,125.8777007936319,229.77947918820365,5.296437502082186,9.536282334973379,0.0,0.0,0.6751503627854383,1.235567132710889,0.05843917383456078,0.10674516436000336,0.0,0.0
James Cook,27,0.0,0.0,0.0,0.0,0.0,0.0,12.5973558681725,72.08725299206421,1.068300222890937,1.588696817225825,1.4765115617486937,13.46359716660487,0.2309658326931482,0.2309658326931482,8,BUF,0.0,0.0,35.31683942419717,64.85312984378763,6.823788062242944,12.18233589839187,0.0,0.0,0.5401132603621803,0.9703204317311126,0.11568691204288224,0.20867585521707926
Jared Goff,28,26.94882468442728,37.74441099368567,328.9328191483131,3.0486706398739107,0.2359530048272686,1.6615363894771604,2.299013798304351,2.448133490770073,0.0,0.0,0.0,0.0,0.0,0.2057226510098496,9,DET,162.06523677866772,293.0499498638955,1.2117810476262945,2.2114095744426674,0.0,0.0,1.5104896006083492,2.725826843047423,0.0,0.0,0.0,0.0
Jayden Daniels,29,23.848575893566675,34.98563795645884,232.9189187575605,3.070705085536322,1.0833622500001585,3.982213403961188,11.400986422361278,84.45476368057497,0.1429256090255871,0.0,0.0,0.0,0.0,0.2556532502378448,8,TXSO,185.15206222021777,278.5375116344349,66.95937811997118,101.28486397952403,0.0,0.0,2.4391165032746733,3.69200937226185,0.11363972016842272,0.17198257527036293,0.0,0.0
Joe Flacco,30,25.49431672642839,37.22702699611197,318.17423544518965,1.8988633452856776,2.0216721402959266,2.1950492626633364,0.978327859704074,0.8266228776325902,0.0,0.0,0.0,0.0,0.0,1.0,3,CLE,158.1781461889941,285.6144062837809,0.4157315800529934,0.7433313718975482,0.0,0.0,0.9434403650410592,1.714756525938583,0.0,0.0,0.0,0.0
Jonathan Taylor,31,0.0,0.0,0.0,0.0,0.0,0.0,26.694145800739893,132.29943216580315,1.4356640542051282,2.126552956494326,1.1154064922920544,5.702951180093267,0.08407388766211,0.3145049716013219,8,IND,0.0,0.0,66.47047736802688,119.21565909278497,2.8644482981962964,5.151366558573933,0.0,0.0,0.7182874623329971,1.2982227422331185,0.0415489006032537,0.07636864187427425
Jordan Love,32,17.390959396037374,27.122608748552096,203.72271026542964,1.2697034774643738,0.0562486332881155,1.2182991149327134,1.4033872381662076,6.322166073562896,0.0377507605960507,0.0,0.0,0.0,0.0,0.0554936180761945,8,GB,162.803310915915,245.17890811984094,5.0383214271674905,7.589183613399474,0.0,0.0,1.0134042439988422,1.525675277064972,0.029858810944781513,0.04518627754569816,0.0,0.0
Josh Allen,33,18.33433764976249,29.93780492336073,226.82538223500757,1.8080642288000857,0.3431510881702794,0.304332660669542,6.90463066070571,37.865114729588285,1.1380357367559792,0.0,0.0,0.5545489642962489,0.0792212806137498,0.0,8,BUF,113.0367932437361,204.6256726968872,18.9263877372219,34.320074399357274,0.27935998593697653,0.5014548028551941,0.9066934768677404,1.6385301211140857,0.5669988939105689,1.0223863255994816,0.0394042234874708,0.07103896847852972
Josh Jacobs,34,0.0,0.0,0.0,0.0,0.0,0.0,18.22988209010433,73.3380472877202,1.3094824963348477,2.1337171254060534,2.02353883412358,23.27008946261876,0.0,0.4781054942083279,8,GB,0.0,0.0,58.23923282355558,88.28832575780969,18.57859831678471,27.8771562620237,0.0,0.0,1.0425520346138915,1.5749729777259662,0.0,0.0
Justin Herbert,35,22.244045691942706,32.82679696478576,245.41775889944915,1.9244427004270523,0.3720120271425852,1.9860334305450773,4.172523700612711,16.014632783598657,0.0782864298224898,0.0,0.0,0.0,0.0,0.0893200877169346,9,LAC,195.31807927832367,294.17123971217495,12.80046604091014,19.184633157289287,0.0,0.0,1.5264615855791388,2.3209580101588276,0.06235515983605428,0.09391293420115618,0.0,0.0
Kareem Hunt,36,0.0,0.0,0.0,0.0,0.0,0.0,10.476159567037522,36.61357675524551,0.5494673942884294,1.8559558145497037,1.2040491595949758,10.128570642165691,0.0,0.0,9,KC,0.0,0.0,29.22647974940278,43.78896223879282,7.992997880680052,12.144708943330933,0.0,0.0,0.4392176828787572,0.6614048736387235,0.0,0.0
Kenny Pickett,37,10.193861048593376,16.38859226682112,124.85066531420884,0.8716052194386626,0.3588962668276846,1.0766888004830537,2.8293814325426525,6.073660126158191,0.512708952610978,0.0,0.0,0.0,0.0,0.3588962668276846,4,LV,100.8018315598574,149.8765136718687,4.844389589817913,7.282741725924633,0.0,0.0,0.6980556848371383,1.0450950634536986,0.4077691288914746,0.6174729562627019,0.0,0.0
Kyler Murray,38,26.250722320037987,38.39011308004388,260.3252615041188,0.8790337012992304,1.3093295648888914,2.6359279887206304,5.016986187312581,33.13373874893741,0.2806427271832778,0.0,0.0,0.0,0.0,0.3505491421218178,8,ARI,130.35964887068855,233.92430975367688,16.549400078578728,29.942031409795703,0.0,0.0,0.43716165414985664,0.78725805194495,0.14050695555856244,0.2514392251446943,0.0,0.0
Mac Jones,39,21.36958820098851,32.080895271953715,218.02820954791576,1.3992786594397846,0.6553279194839949,1.475802034863706,3.483353403832285,13.508436588799318,0.0276997775354795,0.0,0.0,0.0,0.0,0.0276997775354795,7,SF,174.54097114569578,261.6483277311683,10.750119228310622,16.304376381010222,0.0,0.0,1.1194278539107525,1.6901471245283264,0.021905640066099866,0.03320785715904119,0.0,0.0
Mason Rudolph,40,20.707406138739668,30.89557796462979,216.06831685358063,1.5550904787800826,1.622873329707884,1.671813377042075,4.008898190424398,14.706623120227796,0.0,0.0,0.0,0.0,0.0,0.4705576697482983,4,PIT,107.75229418550896,195.79499791947148,7.36990313281674,13.330962654160608,0.0,0.0,0.767419506026487,1.3957905601060874,0.0,0.0,0.0,0.0
Matthew Stafford,41,17.54343066133944,28.177332993945825,192.2441494176491,0.8716435679866092,0.2625974471828187,0.5158047418409876,3.68856749613188,7.897080690637265,0.0,0.0,0.0,0.0,0.0,0.1220532728037878,9,LAR,97.0732831751412,174.0154645334686,3.9045657622905745,7.111534331690451,0.0,0.0,0.4352810837078917,0.7871168500219902,0.0,0.0,0.0,0.0
Patrick Mahomes,42,26.22665088472854,39.12441112254563,260.20911080838084,1.9930951785487512,0.0735577192962991,1.4271373101487808,2.6681418225264983,19.04425345659586,0.2188306042015207,0.0,0.0,0.0,0.0,0.1276001253099067,9,KC,207.91256753920953,312.0999629378938,15.225968072926712,23.018176043445433,0.0,0.0,1.5773446012365253,2.3970046031530488,0.17467709458020736,0.2640782232063872,0.0,0.0
Rhamondre Stevenson,43,0.0,0.0,0.0,0.0,0.0,0.0,9.458892265216692,39.262671290872895,0.2652995155358652,1.4313326732616896,0.96346726609446,9.210019964449389,0.0201861404276726,0.3703834677247365,8,NE,0.0,0.0,31.62004216026445,47.38498959017484,7.360885533953443,11.043339487568234,0.0,0.0,0.21204774874365107,0.31843611969622165,0.01603091990515422,0.024349085148618416
Rico Dowdle,44,0.0,0.0,0.0,0.0,0.0,0.0,19.337137565836716,91.08691684000316,0.0750588972411216,1.9356210803785092,1.7000358641477225,10.780731362578049,0.0180216412275932,0.3651563769281004,9,CAR,0.0,0.0,45.189366939499635,81.80458427099938,5.382602997144987,9.73145650776205,0.0,0.0,0.03726498410602912,0.06747935196889329,0.008991079233772797,0.016182032663504892
Russell Wilson,45,20.61530868099509,31.889053813108625,209.7214545596704,1.181543501595407,0.6813069816937511,3.276845279437464,4.502305937720787,28.290929347960525,0.3183523812583024,0.0,0.0,0.0,0.0,0.7506971996737651,8,NYG,103.09379520155548,189.01417201347343,14.151329889367371,25.42830416556111,0.0,0.0,0.5885220652897936,1.063646397649852,0.15969947910366572,0.2893502476663319,0.0,0.0
Sam Darnold,46,25.756133117670142,37.11233990122443,299.7368312517588,2.6664765560161907,0.5790754595166805,2.4086854479533275,3.41275835129409,5.453822783242618,0.0367788596481495,0.0,0.0,0.0,0.0,0.2736311050772636,9,SEA,149.09627472874985,270.93451209237793,2.7113498957888997,4.90235400862522,0.0,0.0,1.3166946643600472,2.402291338505506,0.01842080262224862,0.032876287843977066,0.0,0.0
Saquon Barkley,47,0.0,0.0,0.0,0.0,0.0,0.2188306042015207,25.98783814842099,139.64791343408925,0.7093819223056257,1.9762195907091789,1.445243695090927,8.166198567684294,0.0180216412275932,0.0930805384687149,9,PHI,0.0,0.0,69.60565284276186,125.6750456278537,4.099972745427202,7.413578115334375,0.0,0.0,0.3553730477595992,0.6443114037524895,0.008916956524618736,0.01629347537183668
Spencer Rattler,48,16.164383561643834,30.72602739726027,178.65296803652967,0.680365296803653,1.2328767123287672,2.328767123287671,2.968036529680365,29.954337899543376,0.0,0.0,0.0,0.0,0.0,0.776255707762557,3,NO,143.2551963150776,214.22919245183357,24.10346342063348,36.07349047473754,0.0,0.0,0.5449976933173453,0.8169378262741944,0.0,0.0,0.0,0.0
Tank Bigsby,49,0.0,0.0,0.0,0.0,0.0,0.0,11.421017574902818,39.73958381846191,0.3580375452038277,1.069684366835712,0.4404582686970578,1.6414459538841255,0.0,0.4084992126486625,7,PHI,0.0,0.0,19.930550846151714,35.84109340043172,0.8075323138464849,1.475208337990145,0.0,0.0,0.17863449325354158,0.3253883511659005,0.0,0.0
Tony Pollard,50,0.0,0.0,0.0,0.0,0.0,0.0,13.87182025264254,55.80585330965343,0.2992830736209301,3.06523645161507,1.950258172638867,11.53375485523196,0.0,0.3320415336524094,8,TEN,0.0,0.0,27.841198359890754,50.41592544553314,5.757944985265173,10.4206361624075,0.0,0.0,0.14860156431695096,0.269755698756592,0.0,0.0
Travis Etienne,51,0.0,0.0,0.0,0.0,0.0,0.0,11.595781288303725,40.36565588088453,0.0,3.052228435727377,2.3106143011120235,22.20592218765716,0.0,0.0,8,JAC,0.0,0.0,32.11998110131429,48.590778258605575,17.700141447328903,26.632466074658993,0.0,0.0,0.0,0.0,0.0,0.0
Trevor Lawrence,52,6.323361019272639,14.065881783727116,65.78251753890814,0.0,1.1936134182727198,0.3872268365454397,1.7744536730908795,6.387226836545439,0.3872268365454397,0.0,0.0,0.0,0.0,0.0,2,JAC,52.291849120450294,79.15788688672681,5.115244004719712,7.709761890769778,0.0,0.0,0.0,0.0,0.30836936973912815,0.46590966951057783,0.0,0.0
Tua Tagovailoa,53,27.77360214414149,38.8589233201492,257.0625588534068,1.6277254107565473,0.7059938399450931,1.612977322836661,1.3302855974231031,0.6931212295736755,0.0,0.0,0.0,0.0,0.0,0.632158372159855,8,MIA,127.06482363274434,232.19372071842508,0.34876592155661573,0.6302715320171244,0.0,0.0,0.8130595979448823,1.4672358023225445,0.0,0.0,0.0,0.0
Tyrod Taylor,54,11.0,14.0,83.0,2.0,0.0,0.0,2.0,6.0,0.0,0.0,0.0,0.0,0.0,1.0,1,NYJ,41.15960789458126,74.92032112571589,2.9763513120678415,5.38866436449994,0.0,0.0,1.0006521074268713,1.8123920780125489,0.0,0.0,0.0,0.0
Zach Charbonnet,55,0.0,0.0,0.0,0.0,0.0,0.0,9.536668260768783,44.90869649218587,0.4543927452002771,3.173318375669248,2.606090163617679,19.1610557911858,0.0,0.0,8,SEA,0.0,0.0,22.334456053466216,40.46520909729107,9.428437223639794,17.192800834426357,0.0,0.0,0.2241257453823835,0.40888506509337563,0.0,0.0
