,name,pass_cmp,pass_att,pass_yd,pass_td,pass_int,sacks,rush_att,rush_yd,rush_td,tar,rec,rec_yd,rec_td,fum,g,team
0,Aaron Rodgers,21.80533825678458,32.01925792868125,221.18692588345488,2.3629994745237966,0.6624820927554496,1.5308156358154112,0.9747121592794321,2.5176602073306333,0.0,0.0,0.0,0.0,0.0,0.0968358662847987,9,PIT
1,Alvin Kamara,0.0,0.0,0.0,0.0,0.0,0.0,9.97948323959076,33.19464561219847,0.026217687511860606,3.506728711847894,3.1583970868464974,19.94352256846192,0.0,0.03745383930265801,8,NO
2,Anthony Richardson,1.1342917514955064,2.0490411775207145,15.184918474119657,0.07318077515676616,0.07318077515676616,0.07318077515676616,1.8777985741912564,4.817861361528541,0.07318077515676616,0.6220263253981434,0.6220263253981434,5.598236928583291,0.0,0.0,3,IND
3,Ashton Jeanty,0.0,0.0,0.0,0.0,0.0,0.0,14.492129478730188,59.00577052777559,0.37944350417595807,2.88463554071032,2.0516114225784525,15.533566386242533,0.22426956286069882,0.11213478143034941,7,LV
4,Baker Mayfield,21.147742231359096,32.956840478337156,230.78614485671505,1.193383581637558,0.30268621859669703,2.5040113472822374,1.6303248408366209,9.701779934473354,0.0,0.0,0.0,0.0,0.0,0.8508872406164042,10,TB
5,Bijan Robinson,0.0,0.0,0.0,0.0,0.0,0.0,13.749492439237228,67.05064981335865,0.3197677144995452,5.615196882115668,4.5029994450435336,47.20928654565792,0.2701336495277713,0.4480903423278975,9,ATL
6,Bo Nix,22.21517027849966,35.99306230056239,239.72810778313394,2.337083590104869,0.4878111403330554,0.9849722894726898,3.7974294708333587,20.302792399339886,0.5063326439681738,0.0,0.0,0.0,0.0,0.2717840004192648,10,DEN
7,Breece Hall,0.3087205926273848,0.3087205926273848,1.2348823705095393,0.3087205926273848,0.0,0.0,15.447971653331988,82.47867310649467,0.6174411852547697,3.1631986893408013,2.2549577692349114,17.535976599438452,0.0,0.10589116327119297,10,NYJ
8,Brian Robinson Jr.,0.0,0.0,0.0,0.0,0.0,0.0,5.426857369535281,21.237143515215614,0.0,0.8881460871598358,0.8333455862840929,2.383293760788408,0.0,0.036043282455186586,9,SF
9,Bryce Young,17.644331208359993,28.26626588279169,173.15544095834477,1.664633033221853,0.4981109745076696,1.550469391489705,2.4291865337110687,8.303308158216565,0.0930805384687149,0.0,0.0,0.0,0.0,0.606607063024724,9,CAR
10,Caleb Williams,20.10992599242928,32.33223881277058,238.94446564533942,0.6217647640789923,0.7304106521961153,1.564010466844327,4.189623499870951,13.195408600384619,0.19762421690775248,0.0,0.0,0.0,0.0,0.6969728285924522,9,CHI
11,Cam Ward,21.945046011947195,35.85112524673504,232.3098144887453,0.7881510389764232,0.9363284731854813,4.253458667816894,1.645883721219711,3.2415378037244866,0.0,0.0,0.0,0.0,0.0,0.5985035273284667,8,TEN
12,Chase Brown,0.0,0.0,0.0,0.0,0.0,0.0,11.245718542343234,63.33543203557722,0.33414506092879825,3.715857608624474,3.064125808368625,16.121304006133734,0.3087205926273848,0.15777783327407754,10,CIN
13,Christian McCaffrey,0.0,0.0,0.0,0.0,0.0,0.0,16.222002651047617,61.750391708728706,0.6016860005781917,8.091319253222991,5.934846924873581,63.18179640072707,0.22308511281437415,0.07643640674011841,8,SF
14,Cooper Rush,11.070267392159083,17.317408217388266,100.42261784926849,0.07604389531011954,1.2681243356487175,0.34219313743304297,0.7927490528603953,-0.4009421226915307,0.0,0.0,0.0,0.0,0.0,0.3802132030327478,6,BAL
15,D'Andre Swift,0.0,0.0,0.0,0.0,0.0,0.0,14.00919517838639,74.24592703562871,0.7105057736400526,2.5747406785513576,2.104939423795168,29.73415328111552,0.16918867611337718,0.04062220113482185,9,CHI
16,Dak Prescott,22.59581548716207,33.06140231104091,241.53788885191403,1.9310198517222845,0.7811695712554287,1.2645551902532726,4.315712635148148,15.198555234122232,0.07643640674011841,0.0,0.0,0.0,0.0,0.4162931730000379,8,DAL
17,Daniel Jones,21.662409265989876,30.549218885822054,258.18365818912315,2.1247389629855826,0.308865480296805,1.5504408177670428,3.020449110528222,7.978006116376959,0.24588188114294743,0.0,0.0,0.0,0.0,0.1856312735117161,8,IND
18,David Montgomery,0.16019254490049917,0.16019254490049917,0.48057763470149745,0.16019254490049917,0.0,0.0,11.0274942714819,40.06196999560941,0.3721272818038595,1.9980803048496822,1.5590219623979058,17.24563042141428,0.0,0.0,7,DET
19,De'Von Achane,0.0,0.0,0.0,0.0,0.0,0.0,14.917981201136845,74.44513981768401,0.3891279845323647,6.093375311537707,4.3468670024898195,23.97808164430164,0.4763568932020104,0.07412381428983508,10,MIA
20,Derrick Henry,0.0,0.06619079247938238,0.0,0.0,0.0,0.0,18.566715873871402,75.7025615750441,1.0765018950445153,1.3743549176687144,0.5579086042932898,4.779468869099576,0.0,0.14495783552984742,9,BAL
21,Drake Maye,19.578712820095603,25.514368007190885,253.36208871890327,2.204989760360015,0.39848972039937536,3.9319004932884893,6.801024170193029,39.839963613178355,0.11044448329185427,0.025424468301413428,0.025424468301413428,0.050848936602826855,0.0,0.580017928065476,10,NE
22,Drew Lock,8.28324174088813,12.793190575453222,108.27364032594275,1.01831848904049,0.3033289116290821,0.4549933674436231,1.866654033225949,-0.4800075800644305,0.21666350830648723,0.0,0.0,0.0,0.0,0.15166445581454105,3,SEA
23,Geno Smith,16.743125739024165,24.854776689605085,160.7340802478273,0.7493050713733054,1.0773202645695767,2.1563145457474775,2.9706438681940637,6.632851204808312,0.0,0.0,0.0,0.0,0.0,0.3641055523667248,9,LV
24,Jahmyr Gibbs,0.0,0.0,0.0,0.0,0.0,0.0,15.97187141097294,90.41227038405594,0.9788831593097022,3.0651781702679735,2.753267027597737,37.39548591727996,0.15318142294106452,0.0,9,DET
25,Jake Browning,19.735921278147348,30.824903636807434,184.77097495745383,1.5754632167442764,1.8897258746820116,2.2307744254331676,2.659970822240138,13.391192496630069,0.12940227091553802,0.0,0.0,0.0,0.0,0.3772660959636678,5,CIN
26,Jalen Hurts,18.371615898768194,25.487284470104274,231.32009685593397,2.5963665376600886,0.15401409899187124,3.488303768728742,5.318952979390912,16.511945686021505,0.29559001934915896,0.0,0.0,0.0,0.0,0.16527252962817704,9,PHI
27,James Cook,0.0,0.0,0.0,0.0,0.0,0.0,18.037502820448662,137.02255016013933,1.1121029504876763,0.9680669514112089,0.7384254264827395,4.7973025018661986,0.015892409274299708,0.062225964009867366,9,BUF
28,Jared Goff,20.84512967996953,28.289436873859017,232.1397844070259,1.9301190443801317,0.4566210045662102,2.298644374730641,1.635236670972409,4.047322071266307,0.0,0.0,0.0,0.0,0.0,0.5408554690415015,9,DET
29,Jaxson Dart,14.668831336538709,25.458191543860554,190.46144933714615,1.4764194939288662,0.4531160555756976,3.3749953822047005,6.851572126366418,27.821738716805406,0.7944569456381696,0.0,0.0,0.0,0.0,0.190629128431594,7,NYG
30,Jayden Daniels,16.16344458347514,26.280107489738654,195.54217329062476,1.750603908946248,0.3431750609547926,2.3261830252092115,8.879818274676978,44.53678091187781,0.3823037248566821,0.0,0.0,0.0,0.0,0.917528939656037,7,WAS
31,Joe Flacco,24.957488170014393,40.042663901825144,246.53961325752556,1.8892286086344805,0.36624266943368383,1.5623325606461,2.2971694997261576,6.076313580698086,0.3501619644402752,0.0,0.0,0.0,0.0,0.1454562330442166,8,CIN
32,Jonathan Taylor,0.0,0.0,0.0,0.0,0.0,0.0,16.5778275946683,116.80785310180887,1.9633292440069852,3.092680450019673,2.8993083611236172,23.9416722459141,0.345041261629404,0.0,10,IND
33,Jordan Love,23.262520957051716,32.071372606256155,273.3694916272905,1.9254286694728668,0.22722039202026556,0.9249068536146018,3.2182419170506202,13.485325159315991,0.0,0.0,0.0,0.0,0.0,0.5662986687623468,9,GB
34,Josh Allen,15.898055506823518,24.345480596522446,193.1827721729184,1.5638025566554539,0.6314860769396927,2.2053608317839255,5.422704753348822,28.500515618475603,0.9697861275777561,0.0,0.0,0.0,0.0,0.5872261851742292,9,BUF
35,Josh Jacobs,0.0,0.0,0.0,0.0,0.0,0.0,15.422615360286267,56.91669740160243,1.4357575202354398,3.0615549758246874,2.829428112197134,23.594926489034293,0.0,0.07793659446295106,9,GB
36,Justin Herbert,25.501997217706908,36.808307193062895,274.3842377679168,2.3361449560150445,1.059412873627164,2.422103873682225,4.86831813349708,37.08813410646697,0.0,0.0,0.0,0.0,0.0,0.07264133800403838,10,LAC
37,Kareem Hunt,0.0,0.0,0.0,0.0,0.0,0.0,7.489155691989448,31.764871926180078,0.6026447064513373,0.8418633728880531,0.8039809151189471,5.273249208727433,0.3087205926273848,0.03632066900201919,10,KC
38,Kenny Pickett,3.184743669510634,4.051629281347683,24.579187326383572,0.12280879501024866,0.05056832735716121,0.1517049820714836,1.2456175900204973,0.8741096586023581,0.07224046765308745,0.0,0.0,0.0,0.0,0.9277595323469126,3,LV
39,Kirk Cousins,18.697809206640013,27.54671380996002,152.28028285976012,0.0,0.0,0.8561130754150008,1.7122261508300016,1.7122261508300016,0.0,0.0,0.0,0.0,0.0,0.0,2,ATL
40,Kyren Williams,0.0,0.0,0.0,0.0,0.0,0.0,13.940254177561423,62.62705309412861,0.29937630683096833,3.835302982272555,2.997260234583094,26.20338047891772,0.3814217431232506,0.26040841899980965,9,LAR
41,Mac Jones,22.25764234895179,34.435326889932284,235.63794271660953,1.1528929467569913,0.9764630809684437,2.2832720378442746,3.6142824234029134,13.916684369224932,0.0,0.0,0.0,0.0,0.0,0.24866900030555789,8,SF
42,Mason Rudolph,3.200936974451763,4.81032520375448,32.178761481902015,0.1960676015394173,0.2532539853217473,0.30227088570660166,2.7204035988251674,2.050540332766406,0.0,0.0,0.0,0.0,0.0,0.0816948339747572,4,PIT
43,Matthew Stafford,22.086958724180818,34.04537804270161,242.52986760301408,2.873132356993083,0.1456217665375,1.1504603237746969,2.5433761506359356,0.911385312735709,0.0,0.0,0.0,0.0,0.0,0.6801627190610406,9,LAR
44,Patrick Mahomes,24.78644177708048,34.834195083080786,280.585574014557,2.6101618941994293,0.7596530175279819,1.9099308822537415,5.2901850885133905,31.452180527921765,0.33136738042973674,0.0,0.0,0.0,0.0,0.2550464303931877,10,KC
45,Rhamondre Stevenson,0.0,0.0,0.0,0.0,0.0,0.0,12.55700585680968,40.577705217516666,0.44034473084924786,1.93062112335442,1.4274058442272137,11.864725269790055,0.0,0.22212249274465468,10,NE
46,Rico Dowdle,0.0,0.0,0.0,0.0,0.0,0.0,15.168695510431428,89.93769279703274,0.15777783327407754,1.90591458911325,1.4072214523140556,16.26178319656332,0.15127309038741854,0.16907021819840792,10,CAR
47,Russell Wilson,8.701517258115185,14.582903598036241,97.11301041183762,0.3625341142310544,0.46129592683977,1.2566694466140522,1.9387467903241442,12.64664049045596,0.04819362885871314,0.0,0.0,0.0,0.0,0.449854707160692,7,NYG
48,Sam Darnold,19.076174067378588,29.26420177249601,260.8444488448153,1.8567298246490673,0.5966242296916549,1.3874133313185912,2.1612963901381543,3.959630745988747,0.0,0.0,0.0,0.0,0.0,0.47464264579380344,9,SEA
49,Saquon Barkley,0.0,0.0,0.0,0.0,0.0,0.012457989467692578,15.174592163897024,82.90387385708446,0.4695055231560377,3.3349446707264687,2.7851818599396743,18.108754458473722,0.41461175589857785,0.0,10,PHI
50,Spencer Rattler,19.126418607359206,28.057987820606478,189.89878812123442,0.7908696120592984,1.0569727522374488,2.6444222280324605,3.5099880544672666,18.111300457443,0.0,0.18001497756102805,0.10589116327119297,0.0,0.0,0.6655246080370905,10,NO
51,Tank Bigsby,0.0,0.0,0.0,0.0,0.0,0.0,5.972349592154367,62.013959817799766,0.02146062170207747,0.42438860100122205,0.3937305699982543,-0.3508093265940993,0.0,0.02146062170207747,5,PHI
52,Tony Pollard,0.0,0.0,0.0,0.0,0.0,0.0,11.035803650992037,42.856117905213104,0.16063670524852172,3.1315145272162868,2.6492001357761894,17.937054880611136,0.0,0.13369501891187366,9,TEN
53,Travis Etienne,0.0,0.0,0.0,0.0,0.0,0.0,12.075732542246946,55.316623459658025,0.18228589329986677,3.3828115362905353,2.0319163498382475,13.415450502297675,0.052541228068785126,0.0,9,JAC
54,Trevor Lawrence,22.5557677652715,39.42471228274703,249.88817318056417,1.2602442315154967,0.38704120773409595,4.582902747759838,4.147985219131958,18.76736348244208,0.32038508980099834,0.0,0.0,0.0,0.0,0.21513858780137035,7,JAC
55,Tua Tagovailoa,19.11970425903426,27.934957690426973,184.0052867121642,2.103815590015376,1.2636786415837784,1.6483619511315355,1.3051913862063085,3.624808725529347,0.0,0.0,0.0,0.0,0.0,0.8269230416412755,9,MIA
56,Zach Charbonnet,0.0,0.0,0.0,0.0,0.0,0.0,11.542756796516262,36.72659189722739,0.99727168964082,1.598108920910838,1.4324968376288203,8.472174704416483,0.0,0.0,8,SEA
