team,pass_cmp,pass_att,pass_yd,pass_td,pass_int,sacks,rush_att,rush_yd,rush_td,targets,rec,rec_yd,rec_td,off_fum,def_pass_cmp,def_pass_att,def_pass_yd,def_pass_td,def_int,def_sacks,def_rush_att,def_rush_yd,def_rush_td,def_targets,def_rec,def_rec_yd,def_rec_td,def_fum,opps,games,next_op,next_game_location,next_game_week,ratio_pass_cmp,ratio_pass_att,ratio_pass_yd,ratio_pass_td,ratio_pass_int,ratio_sacks,ratio_rush_att,ratio_rush_yd,ratio_rush_td,ratio_targets,ratio_rec,ratio_rec_yd,ratio_rec_td,ratio_off_fum,ratio_def_pass_cmp,ratio_def_pass_att,ratio_def_pass_yd,ratio_def_pass_td,ratio_def_int,ratio_def_sacks,ratio_def_rush_att,ratio_def_rush_yd,ratio_def_rush_td,ratio_def_targets,ratio_def_rec,ratio_def_rec_yd,ratio_def_rec_td,ratio_def_fum,schedstr_ratio_pass_cmp,schedstr_ratio_pass_att,schedstr_ratio_pass_yd,schedstr_ratio_pass_td,schedstr_ratio_pass_int,schedstr_ratio_sacks,schedstr_ratio_rush_att,schedstr_ratio_rush_yd,schedstr_ratio_rush_td,schedstr_ratio_targets,schedstr_ratio_rec,schedstr_ratio_rec_yd,schedstr_ratio_rec_td,schedstr_ratio_off_fum,schedstr_ratio_def_pass_cmp,schedstr_ratio_def_pass_att,schedstr_ratio_def_pass_yd,schedstr_ratio_def_pass_td,schedstr_ratio_def_int,schedstr_ratio_def_sacks,schedstr_ratio_def_rush_att,schedstr_ratio_def_rush_yd,schedstr_ratio_def_rush_td,schedstr_ratio_def_targets,schedstr_ratio_def_rec,schedstr_ratio_def_rec_yd,schedstr_ratio_def_rec_td,schedstr_ratio_def_fum
ARI,0.6970802919708029,34.25,7.193430656934306,0.021897810218978103,0.029197080291970802,2.375,0.53125,48.470588235294116,0.7058823529411765,0.0,0.0,0.0,0.0,0.014375561545372867,0.0,0.0,0.0,0.0,0.0,0.0,0.0,0.0,0.0,0.0,0.0,0.0,0.0,0.0,"['Chicago Bears', 'New York Jets', 'Arizona Cardinals', 'Arizona Cardinals', 'Arizona Cardinals', 'New England Patriots', 'Arizona Cardinals', 'Arizona Cardinals']",8,CAR,HOME,2.0,0.05750172931787444,1.8485414970015543,1.002757307001034,0.4672570657626181,1.365766107371947,1.7604219623792576,0.06044186500195084,10.58448646562655,19.328808446455508,0.0,0.0,0.0,0.0,1.076248572914767,0.0,0.0,0.0,0.0,0.0,0.0,0.0,0.0,0.0,0.0,0.0,0.0,0.0,0.0,0.0,0.0,0.0,0.0,0.0,0.0,0.0,0.0,0.0,0.0,0.0,0.0,0.0,0.0,0.0546982614993261,0.0,0.9639205081823401,0.7758360925494447,0.9978119931134093,0.0,0.0,1.2135521902121353,1.302241578695386,0.4075291942861521,0.43671389529513416,0.45358891459968953,0.6718058109045156,0.7993491755938853
ATL,0.0,0.0,0.0,0.0,0.0,0.0,2.5,37.0,0.4,320000.0,8.75e-05,1840000.0,0.0,0.05,0.0,0.0,0.0,0.0,0.0,0.0,0.0,0.0,0.0,0.0,0.0,0.0,0.0,0.0,"['Dallas Cowboys', 'Atlanta Falcons', 'Atlanta Falcons', 'Atlanta Falcons', 'Atlanta Falcons', 'Las Vegas Raiders', 'New York Giants', 'Atlanta Falcons']",8,MIN,AWAY,2.0,0.0,0.0,0.0,0.0,0.0,0.0,0.28443230589153334,8.079662605435802,10.952991452991455,4239568.415890142,0.0014145571514063437,3792161.739462141,0.0,3.743327067669174,0.0,0.0,0.0,0.0,0.0,0.0,0.0,0.0,0.0,0.0,0.0,0.0,0.0,0.0,0.0,0.0,0.0,0.0,0.0,0.0,0.0,0.0,0.0,0.0,0.0,0.0,0.0,0.0,0.05748002920497779,0.0,1.1243995241777407,1.6664211074238109,0.5621165250687864,0.0,0.0,0.994243172273234,1.0157543804274558,3.3219740872847057,3.4374859655916694,3.0406943439540988,1.1180260433692928,0.6196274254389239
Arizona Cardinals,0.0,0.0,0.0,0.0,0.0,0.0,0.0,0.0,0.0,0.0,0.0,0.0,0.0,0.0,0.6604068857589984,0.0,6.737089201877934,0.03129890453834116,0.026604068857589983,0.0,0.0,6.418181818181818,0.05454545454545454,0.010954616588419406,0.010954616588419406,0.09233176838810642,0.0,0.00801068090787717,[],0,0.0,BYE,0.0,0.0,0.0,0.0,0.0,0.0,0.0,0.0,0.0,0.0,0.0,0.0,0.0,0.0,0.0,0.05447656234436321,0.0,0.9391437475787093,0.6678582995250776,1.244471543063092,0.0,0.0,1.4015336116554489,1.4935897435897438,0.14513389530140355,0.17709635698357976,0.1902918475099223,0.0,0.5997319734583455,0.0,0.0,0.0,0.0,0.0,0.0,0.0,0.0,0.0,0.0,0.0,0.0,0.0,0.0,0.0,0.0,0.0,0.0,0.0,0.0,0.0,0.0,0.0,0.0,0.0,0.0,0.0,0.0
Atlanta Falcons,0.0,0.0,0.0,0.0,0.0,0.0,0.0,0.0,0.0,0.0,0.0,0.0,0.0,0.0,0.7485380116959064,0.0,8.900584795321638,0.09941520467836257,0.005847953216374269,0.0,0.0,4.295373665480427,0.042704626334519574,0.32748538011695905,0.2807017543859649,1.9239766081871346,0.0,0.004424778761061947,[],0,0.0,BYE,0.0,0.0,0.0,0.0,0.0,0.0,0.0,0.0,0.0,0.0,0.0,0.0,0.0,0.0,0.0,0.06174644532122385,0.0,1.2407329500684698,2.1213288619125485,0.2735525682894103,0.0,0.0,0.9379775670636735,1.1693585181129669,4.338739606905117,4.5379277037596975,3.965233957167061,0.0,0.33126788209461705,0.0,0.0,0.0,0.0,0.0,0.0,0.0,0.0,0.0,0.0,0.0,0.0,0.0,0.0,0.0,0.0,0.0,0.0,0.0,0.0,0.0,0.0,0.0,0.0,0.0,0.0,0.0,0.0
BAL,0.0,0.0,0.0,0.0,0.0,0.0,2.5,41.85,0.25,90000.0,0.0001,1040000.0,0.0,0.1,0.0,0.0,0.0,0.0,0.0,0.0,0.0,0.0,0.0,0.0,0.0,0.0,0.0,0.0,"['Denver Broncos', 'Cincinnati Bengals', 'Baltimore Ravens', 'Los Angeles Chargers', 'Baltimore Ravens', 'New York Giants', 'Pittsburgh Steelers', 'Houston Texans']",8,CLE,HOME,2.0,0.0,0.0,0.0,0.0,0.0,0.0,0.28443230589153334,9.13875351452671,6.8456196581196584,1192378.6169691025,0.0016166367444643928,2143395.765782949,0.0,7.486654135338348,0.0,0.0,0.0,0.0,0.0,0.0,0.0,0.0,0.0,0.0,0.0,0.0,0.0,0.0,0.0,0.0,0.0,0.0,0.0,0.0,0.0,0.0,0.0,0.0,0.0,0.0,0.0,0.0,0.053627921548116755,0.0,0.972535156474083,0.8219635318125685,0.9328019794761224,0.0,0.0,1.0499202365626452,1.1012559904466026,1.5280019248174397,1.4635693675470796,1.5183431101819076,0.21309794269847282,1.098338014833668
BUF,0.6307692307692307,16.25,7.5576923076923075,0.05384615384615385,0.019230769230769232,0.25,1.2109375,44.18064516129032,0.8774193548387097,0.08461538461538462,106.36363636363636,0.46153846153846156,0.007692307692307693,0.0035794183445190158,0.0,0.0,0.0,0.0,0.0,0.0,0.0,0.0,0.0,0.0,0.0,0.0,0.0,0.0,"['Miami Dolphins', 'Indianapolis Colts', 'Kansas City Chiefs', 'San Francisco 49ers', 'Buffalo Bills', 'Detroit Lions', 'New England Patriots', 'New York Jets']",8,NYJ,AWAY,2.0,0.05203177020998803,0.8770452358036571,1.0535350303680808,1.1489731437598738,0.8995670995670997,0.18530757498729028,0.13777189816621147,9.647694772802854,24.025916735594155,1.1210397253555666,1719.513628203036,0.9512111386610722,3.6456140350877204,0.2679786715109923,0.0,0.0,0.0,0.0,0.0,0.0,0.0,0.0,0.0,0.0,0.0,0.0,0.0,0.0,0.0,0.0,0.0,0.0,0.0,0.0,0.0,0.0,0.0,0.0,0.0,0.0,0.0,0.0,0.0567578739263043,0.0,1.0850248043483095,1.2017176212953196,0.838120645049088,0.0,0.0,0.9998747476442711,2.1275631453795287,1.3119722322309955,1.3456185732808015,1.4004336757034155,2.170328789920505,0.6903571936508799
Baltimore Ravens,0.0,0.0,0.0,0.0,0.0,0.0,0.0,0.0,0.0,0.0,0.0,0.0,0.0,0.0,0.6263736263736264,0.0,5.802197802197802,0.01098901098901099,0.02197802197802198,0.0,0.0,4.153846153846154,0.038461538461538464,0.10989010989010989,0.08791208791208792,0.7472527472527473,0.0,0.020512820512820513,[],0,0.0,BYE,0.0,0.0,0.0,0.0,0.0,0.0,0.0,0.0,0.0,0.0,0.0,0.0,0.0,0.0,0.0,0.05166917947681739,0.0,0.8088207866729866,0.2344843150530355,1.0280766852195422,0.0,0.0,0.907072309134165,1.0531722550953324,1.4558957472150214,1.4212191160126528,1.540056129260783,0.0,1.5357239251976094,0.0,0.0,0.0,0.0,0.0,0.0,0.0,0.0,0.0,0.0,0.0,0.0,0.0,0.0,0.0,0.0,0.0,0.0,0.0,0.0,0.0,0.0,0.0,0.0,0.0,0.0,0.0,0.0
Buffalo Bills,0.0,0.0,0.0,0.0,0.0,0.0,0.0,0.0,0.0,0.0,0.0,0.0,0.0,0.0,0.7010309278350515,0.0,10.123711340206185,0.07216494845360824,0.0,0.0,0.0,6.375,0.1875,0.020618556701030927,0.020618556701030927,0.09278350515463918,0.0,0.0,[],0,0.0,BYE,0.0,0.0,0.0,0.0,0.0,0.0,0.0,0.0,0.0,0.0,0.0,0.0,0.0,0.0,0.0,0.057827614867525044,0.0,1.411235612673216,1.5398609143173565,0.0,0.0,0.0,1.3921040299906282,5.1342147435897445,0.27316806803415866,0.3333271638070912,0.19122285777207118,0.0,0.0,0.0,0.0,0.0,0.0,0.0,0.0,0.0,0.0,0.0,0.0,0.0,0.0,0.0,0.0,0.0,0.0,0.0,0.0,0.0,0.0,0.0,0.0,0.0,0.0,0.0,0.0,0.0,0.0
CAR,0.5967741935483871,31.0,6.568548387096774,0.04032258064516129,0.016129032258064516,2.5,0.453125,53.241379310344826,0.8275862068965517,0.0,0.0,0.0,0.0,0.01987083954297069,0.0,0.0,0.0,0.0,0.0,0.0,0.0,0.0,0.0,0.0,0.0,0.0,0.0,0.0,"['New Orleans Saints', 'New York Giants', 'Carolina Panthers', 'Carolina Panthers', 'Carolina Panthers', 'Carolina Panthers', 'Arizona Cardinals', 'Carolina Panthers']",8,ARI,AWAY,2.0,0.0492275402655473,1.6731324498408229,0.9156493202866638,0.86040615604138,0.7544756318949868,1.8530757498729027,0.05155335544284042,11.626280580422065,22.66136162687887,0.0,0.0,0.0,0.0,1.4876610303702629,0.0,0.0,0.0,0.0,0.0,0.0,0.0,0.0,0.0,0.0,0.0,0.0,0.0,0.0,0.0,0.0,0.0,0.0,0.0,0.0,0.0,0.0,0.0,0.0,0.0,0.0,0.0,0.0,0.05187080911624267,0.0,0.9786282528846466,1.0116469247031628,0.9542368591151912,0.0,0.0,1.188651958656424,1.1193000173842242,0.36559433030051885,0.3387120164005018,0.3213521559737492,0.18987573099415203,1.5397324464616806
CHI,0.6129032258064516,17.22222222222222,6.274193548387097,0.03225806451612903,0.0032258064516129032,2.4444444444444446,1.0370370370370372,37.660714285714285,0.05357142857142857,0.08709677419354839,132.03703703703704,0.6225806451612903,0.0,0.018255578093306288,0.0,0.0,0.0,0.0,0.0,0.0,0.0,0.0,0.0,0.0,0.0,0.0,0.0,0.0,"['Chicago Bears', 'Chicago Bears', 'Chicago Bears', 'Chicago Bears', 'Chicago Bears', 'Chicago Bears', 'Chicago Bears', 'Chicago Bears', 'Chicago Bears']",9,DET,AWAY,2.0,0.050558014326778304,0.929518027689346,0.8746165392056776,0.688324924833104,0.15089512637899735,1.8118962887646162,0.11798673429574719,8.223942294818583,1.4669184981684982,1.1539147906152605,2134.5592570428003,1.2831122295164676,0.0,1.3667319922524368,0.0,0.0,0.0,0.0,0.0,0.0,0.0,0.0,0.0,0.0,0.0,0.0,0.0,0.0,0.0,0.0,0.0,0.0,0.0,0.0,0.0,0.0,0.0,0.0,0.0,0.0,0.0,0.0,0.05208450534360353,0.0,1.0073141428653452,0.7715331186607433,0.3786628913450283,0.0,0.0,0.9253844853811055,0.38476550771632745,0.9795279158407809,1.0033093665051547,1.1789610982865237,0.0,0.8850126794637132
CIN,0.0,0.0,0.0,0.0,0.0,0.0,2.0234375,32.4015444015444,0.18532818532818532,400000.0,8.5e-05,2715000.0,25000.0,0.06177606177606178,0.0,0.0,0.0,0.0,0.0,0.0,0.0,0.0,0.0,0.0,0.0,0.0,0.0,0.0,"['Las Vegas Raiders', 'Cincinnati Bengals', 'Cincinnati Bengals', 'Cincinnati Bengals', 'Dallas Cowboys', 'Tennessee Titans', 'Cleveland Browns', 'Denver Broncos']",8,JAX,HOME,2.0,0.0,0.0,0.0,0.0,0.0,0.0,0.23021239758095982,7.075501261068271,5.074745074745075,5299460.519862678,0.001374141232794734,5595499.523173757,11848245.61403509,4.624960083606702,0.0,0.0,0.0,0.0,0.0,0.0,0.0,0.0,0.0,0.0,0.0,0.0,0.0,0.0,0.0,0.0,0.0,0.0,0.0,0.0,0.0,0.0,0.0,0.0,0.0,0.0,0.0,0.0,0.05237798449490676,0.0,1.1260280302850538,1.2349989769477476,0.9991859279659877,0.0,0.0,0.9892122530952535,0.738716478608432,2.5152415088997664,2.488387648315376,2.4478200009013356,1.7282718837449194,0.9891622626953271
CLE,0.6090534979423868,40.5,7.012345679012346,0.037037037037037035,0.04938271604938271,3.5,0.5,26.333333333333332,0.3333333333333333,0.0,0.0,0.0,0.0,0.016260162601626018,0.0,0.0,0.0,0.0,0.0,0.0,0.0,0.0,0.0,0.0,0.0,0.0,0.0,0.0,"['Cleveland Browns', 'Cleveland Browns', 'Pittsburgh Steelers', 'Cleveland Browns', 'Cleveland Browns', 'Cleveland Browns']",6,BAL,AWAY,2.0,0.050240452616690245,2.1858665876952688,0.9775142354459724,0.7902989877713417,2.309999465555021,2.594306049822064,0.05688646117830667,5.750390502967822,9.127492877492877,0.0,0.0,0.0,0.0,1.2173421358273737,0.0,0.0,0.0,0.0,0.0,0.0,0.0,0.0,0.0,0.0,0.0,0.0,0.0,0.0,0.0,0.0,0.0,0.0,0.0,0.0,0.0,0.0,0.0,0.0,0.0,0.0,0.0,0.0,0.0502821413441655,0.0,0.9896723236565439,0.9709895705786599,1.6596876274687824,0.0,0.0,0.9198652102318384,0.21063445101906644,0.3797203269775349,0.41924703976348415,0.3180541972207455,0.0,0.7690950604459122
Carolina Panthers,0.0,0.0,0.0,0.0,0.0,0.0,0.0,0.0,0.0,0.0,0.0,0.0,0.0,0.0,0.6350626118067979,0.0,7.382826475849732,0.057245080500894455,0.017889087656529516,0.0,0.0,5.385245901639344,0.040983606557377046,0.008944543828264758,0.005366726296958855,0.03398926654740608,0.0,0.02643171806167401,[],0,0.0,BYE,0.0,0.0,0.0,0.0,0.0,0.0,0.0,0.0,0.0,0.0,0.0,0.0,0.0,0.0,0.0,0.052385928600526814,0.0,1.0291589017880511,1.2214996877181383,0.8368066042484644,0.0,0.0,1.1759721603392383,1.1222327308392883,0.11850314221517616,0.08676046929147006,0.07005043269209445,0.0,1.9788513133052896,0.0,0.0,0.0,0.0,0.0,0.0,0.0,0.0,0.0,0.0,0.0,0.0,0.0,0.0,0.0,0.0,0.0,0.0,0.0,0.0,0.0,0.0,0.0,0.0,0.0,0.0,0.0,0.0
Chicago Bears,0.0,0.0,0.0,0.0,0.0,0.0,0.0,0.0,0.0,0.0,0.0,0.0,0.0,0.0,0.6314085267134377,0.0,7.226119805720454,0.03615758229897464,0.008094981111710739,0.0,0.0,4.237704918032787,0.014051522248243558,0.07393416082029142,0.062061521856448996,0.5720453318942256,0.0,0.011821204285186555,[],0,0.0,BYE,0.0,0.0,0.0,0.0,0.0,0.0,0.0,0.0,0.0,0.0,0.0,0.0,0.0,0.0,0.0,0.052084505343603524,0.0,1.007314142865345,0.7715331186607433,0.3786628913450283,0.0,0.0,0.9253844853811054,0.38476550771632745,0.979527915840781,1.0033093665051545,1.1789610982865237,0.0,0.885012679463713,0.0,0.0,0.0,0.0,0.0,0.0,0.0,0.0,0.0,0.0,0.0,0.0,0.0,0.0,0.0,0.0,0.0,0.0,0.0,0.0,0.0,0.0,0.0,0.0,0.0,0.0,0.0,0.0
Cincinnati Bengals,0.0,0.0,0.0,0.0,0.0,0.0,0.0,0.0,0.0,0.0,0.0,0.0,0.0,0.0,0.6216216216216216,0.0,9.608108108108109,0.06756756756756757,0.013513513513513514,0.0,0.0,4.704225352112676,0.04225352112676056,0.2972972972972973,0.24324324324324326,1.9189189189189189,0.0,0.013793103448275862,[],0,0.0,BYE,0.0,0.0,0.0,0.0,0.0,0.0,0.0,0.0,0.0,0.0,0.0,0.0,0.0,0.0,0.0,0.05127718949501128,0.0,1.339361018594618,1.4417616668801505,0.632128232128232,0.0,0.0,1.0272582071623746,1.1570061394005058,3.938788224222261,3.932359648697171,3.9548102747034655,0.0,1.0326419497018409,0.0,0.0,0.0,0.0,0.0,0.0,0.0,0.0,0.0,0.0,0.0,0.0,0.0,0.0,0.0,0.0,0.0,0.0,0.0,0.0,0.0,0.0,0.0,0.0,0.0,0.0,0.0,0.0
Cleveland Browns,0.0,0.0,0.0,0.0,0.0,0.0,0.0,0.0,0.0,0.0,0.0,0.0,0.0,0.0,0.5941080196399345,0.0,7.042553191489362,0.04746317512274959,0.03927986906710311,0.0,0.0,3.993377483443709,0.0,0.031096563011456628,0.027823240589198037,0.15057283142389524,0.0,0.007874015748031496,[],0,0.0,BYE,0.0,0.0,0.0,0.0,0.0,0.0,0.0,0.0,0.0,0.0,0.0,0.0,0.0,0.0,0.0,0.04900760920141582,0.0,0.9817251335983652,1.012772679909919,1.8374136501796072,0.0,0.0,0.872030884388364,0.0,0.41198751995659116,0.44980073086570654,0.31032420126531424,0.0,0.5895003256171926,0.0,0.0,0.0,0.0,0.0,0.0,0.0,0.0,0.0,0.0,0.0,0.0,0.0,0.0,0.0,0.0,0.0,0.0,0.0,0.0,0.0,0.0,0.0,0.0,0.0,0.0,0.0,0.0
DAL,0.6154696132596684,16.75925925925926,6.107182320441989,0.04088397790055248,0.013259668508287291,0.8333333333333334,1.0843621399176955,39.53510436432637,0.051233396584440226,0.07955801104972375,121.50462962962963,0.31602209944751375,0.002209944751381215,0.03321033210332103,0.0,0.0,0.0,0.0,0.0,0.0,0.0,0.0,0.0,0.0,0.0,0.0,0.0,0.0,"['Dallas Cowboys', 'Dallas Cowboys', 'Dallas Cowboys', 'Washington Commanders', 'New York Giants', 'Dallas Cowboys', 'Carolina Panthers', 'Tampa Bay Buccaneers', 'Dallas Cowboys']",9,NYG,HOME,2.0,0.05076971406690787,0.9045309839342561,0.8513353348457339,0.8723852914735584,0.6202540001435028,0.6176919166243009,0.12337104955130707,8.633251468498637,1.4028973872427384,1.0540363464920244,1964.2884888179624,0.6513081056246529,1.047358728312494,2.4863427017728825,0.0,0.0,0.0,0.0,0.0,0.0,0.0,0.0,0.0,0.0,0.0,0.0,0.0,0.0,0.0,0.0,0.0,0.0,0.0,0.0,0.0,0.0,0.0,0.0,0.0,0.0,0.0,0.0,0.05028605585196807,0.0,0.8701707801355377,0.8660416161275616,0.9519421927703653,0.0,0.0,1.03606284085326,0.6699483423415669,1.9632346600360466,1.97192491499679,2.001364746980949,3.522332401050936,1.2295685854504557
DEN,0.6750788643533123,19.8125,6.899053627760252,0.05993690851735016,0.022082018927444796,0.9375,0.6640625,38.4,0.0,0.03785488958990536,132.08333333333334,0.10094637223974763,0.0031545741324921135,0.012209080503624571,0.0,0.0,0.0,0.0,0.0,0.0,0.0,0.0,0.0,0.0,0.0,0.0,0.0,0.0,"['Denver Broncos', 'Denver Broncos', 'Atlanta Falcons', 'Las Vegas Raiders', 'Cleveland Browns', 'Indianapolis Colts', 'Denver Broncos', 'Denver Broncos']",8,IND,AWAY,2.0,0.05568684493505683,1.0693205374990744,0.961721432590681,1.2789381095479442,1.0329414013956602,0.6949034062023386,0.07555233125243854,8.385379568884723,0.0,0.5015262321636604,2135.3076999800523,0.20804617964406205,1.4950467651779293,0.9140516304113969,0.0,0.0,0.0,0.0,0.0,0.0,0.0,0.0,0.0,0.0,0.0,0.0,0.0,0.0,0.0,0.0,0.0,0.0,0.0,0.0,0.0,0.0,0.0,0.0,0.0,0.0,0.0,0.0,0.056350751545279645,0.0,1.0586869449796428,1.2546814129979906,0.9946902505881581,0.0,0.0,0.9266237827073048,0.6781835029416291,1.4922990645870127,1.5284155913993043,1.4056752576664036,1.1778930239267233,0.8998096542540608
DET,0.7071428571428572,12.962962962962962,8.635714285714286,0.07428571428571429,0.017142857142857144,0.5,1.1131687242798352,39.626617375231056,0.4325323475046211,0.1785714285714286,100.79999999999998,1.6585714285714288,0.005714285714285715,0.010524777079374362,0.0,0.0,0.0,0.0,0.0,0.0,0.0,0.0,0.0,0.0,0.0,0.0,0.0,0.0,"['Green Bay Packers', 'Houston Texans', 'Jacksonville Jaguars', 'Indianapolis Colts', 'Chicago Bears', 'Green Bay Packers', 'Detroit Lions', 'Chicago Bears', 'San Francisco 49ers']",9,CHI,HOME,2.0,0.058331784198828056,0.6996372251425185,1.2038102560738007,1.5851139697585197,0.8018998144712431,0.37061514997458056,0.1266484588373,8.653235096934242,11.843807763401111,2.3658305892244105,1629.5698384201075,3.418245170431325,2.708170426065164,0.7879536584481233,0.0,0.0,0.0,0.0,0.0,0.0,0.0,0.0,0.0,0.0,0.0,0.0,0.0,0.0,0.0,0.0,0.0,0.0,0.0,0.0,0.0,0.0,0.0,0.0,0.0,0.0,0.0,0.0,0.054481787131386794,0.0,1.059696486728872,1.0306301375281164,0.9142883117936831,0.0,0.0,0.9846477304917529,1.345246731197489,1.4700269295447344,1.3900015066203426,1.5918950130627474,1.2544625347695781,0.780641879146094
Dallas Cowboys,0.0,0.0,0.0,0.0,0.0,0.0,0.0,0.0,0.0,0.0,0.0,0.0,0.0,0.0,0.5852842809364548,0.0,5.896321070234114,0.03846153846153846,0.023411371237458196,0.0,0.0,4.810580204778157,0.011945392491467574,0.23913043478260868,0.19565217391304346,1.5167224080267556,0.01337792642140468,0.016047297297297296,[],0,0.0,BYE,0.0,0.0,0.0,0.0,0.0,0.0,0.0,0.0,0.0,0.0,0.0,0.0,0.0,0.0,0.0,0.048279744362396106,0.0,0.821941479605676,0.820695102685624,1.095125164690382,0.0,0.0,1.0504828375944806,0.32709445465418163,3.168155745570079,3.162984934821637,3.125900372339102,6.340198321891685,1.2014056467181466,0.0,0.0,0.0,0.0,0.0,0.0,0.0,0.0,0.0,0.0,0.0,0.0,0.0,0.0,0.0,0.0,0.0,0.0,0.0,0.0,0.0,0.0,0.0,0.0,0.0,0.0,0.0,0.0
Denver Broncos,0.0,0.0,0.0,0.0,0.0,0.0,0.0,0.0,0.0,0.0,0.0,0.0,0.0,0.0,0.7086330935251799,0.0,7.255395683453237,0.050359712230215826,0.014388489208633094,0.0,0.0,4.170886075949367,0.02531645569620253,0.09352517985611511,0.08273381294964029,0.6690647482014388,0.0035971223021582736,0.013761467889908258,[],0,0.0,BYE,0.0,0.0,0.0,0.0,0.0,0.0,0.0,0.0,0.0,0.0,0.0,0.0,0.0,0.0,0.0,0.05845471289163861,0.0,1.0113951720314658,1.0745791991998819,0.6730573982372542,0.0,0.0,0.910793304307594,0.6932273071513579,1.2390824956513455,1.3375052202403246,1.3789139887784603,1.7047835415877826,1.0302735048630751,0.0,0.0,0.0,0.0,0.0,0.0,0.0,0.0,0.0,0.0,0.0,0.0,0.0,0.0,0.0,0.0,0.0,0.0,0.0,0.0,0.0,0.0,0.0,0.0,0.0,0.0,0.0,0.0
Detroit Lions,0.0,0.0,0.0,0.0,0.0,0.0,0.0,0.0,0.0,0.0,0.0,0.0,0.0,0.0,0.6590909090909091,0.0,9.427272727272726,0.07272727272727272,0.0,0.0,0.0,5.857142857142857,0.13333333333333333,0.11363636363636363,0.09545454545454544,1.418181818181818,0.00909090909090909,0.006153846153846154,[],0,0.0,BYE,0.0,0.0,0.0,0.0,0.0,0.0,0.0,0.0,0.0,0.0,0.0,0.0,0.0,0.0,0.0,0.05436800822939437,0.0,1.3141527406330875,1.5518598305328164,0.0,0.0,0.0,1.279019949123042,3.650997150997152,1.5055285567791699,1.543153256079647,2.922812407885839,4.308452950558213,0.4607171775592828,0.0,0.0,0.0,0.0,0.0,0.0,0.0,0.0,0.0,0.0,0.0,0.0,0.0,0.0,0.0,0.0,0.0,0.0,0.0,0.0,0.0,0.0,0.0,0.0,0.0,0.0,0.0,0.0
GNB,0.6462264150943396,13.25,8.36320754716981,0.04716981132075472,0.009433962264150943,0.4375,1.2890625,32.63030303030303,0.5818181818181818,0.09905660377358491,90.85714285714285,1.0613207547169812,0.0,0.021493820526598602,0.0,0.0,0.0,0.0,0.0,0.0,0.0,0.0,0.0,0.0,0.0,0.0,0.0,0.0,"['Green Bay Packers', 'Chicago Bears', 'San Francisco 49ers', 'Miami Dolphins', 'Green Bay Packers', 'Seattle Seahawks', 'New Orleans Saints', 'Green Bay Packers']",8,WAS,HOME,2.0,0.05330682394384992,0.7151291922706743,1.1658230791182436,1.006512861784256,0.44129706771216204,0.324288256227758,0.14666040772532188,7.125455113458863,15.931623931623932,1.312366402324484,1468.8299563990768,2.1873369344210976,0.0,1.6091680032967968,0.0,0.0,0.0,0.0,0.0,0.0,0.0,0.0,0.0,0.0,0.0,0.0,0.0,0.0,0.0,0.0,0.0,0.0,0.0,0.0,0.0,0.0,0.0,0.0,0.0,0.0,0.0,0.0,0.05575916140926231,0.0,1.0287363676601269,1.0205659555311715,0.8194895036060957,0.0,0.0,0.8966637329125133,0.9687515620865425,1.378901765601796,1.406346613125969,1.460719287650712,1.695844193219632,0.8966465265326444
Green Bay Packers,0.0,0.0,0.0,0.0,0.0,0.0,0.0,0.0,0.0,0.0,0.0,0.0,0.0,0.0,0.7066052227342551,0.0,7.849462365591399,0.04915514592933948,0.016897081413210446,0.0,0.0,3.9267515923566876,0.050955414012738856,0.06298003072196622,0.055299539170506916,0.3579109062980031,0.003072196620583718,0.012435233160621761,[],0,0.0,BYE,0.0,0.0,0.0,0.0,0.0,0.0,0.0,0.0,0.0,0.0,0.0,0.0,0.0,0.0,0.0,0.05828743506345369,0.0,1.0942074954929641,1.0488760759361586,0.790403042937605,0.0,0.0,0.8574818378810762,1.3952855354129243,0.8344004658769963,0.8939926697498944,0.7376391548910362,1.4560056054113781,0.9309828976586544,0.0,0.0,0.0,0.0,0.0,0.0,0.0,0.0,0.0,0.0,0.0,0.0,0.0,0.0,0.0,0.0,0.0,0.0,0.0,0.0,0.0,0.0,0.0,0.0,0.0,0.0,0.0,0.0
Houston Texans,0.0,0.0,0.0,0.0,0.0,0.0,0.0,0.0,0.0,0.0,0.0,0.0,0.0,0.0,0.6451612903225806,0.0,6.78494623655914,0.05734767025089606,0.035842293906810034,0.0,0.0,4.912017167381975,0.04291845493562232,0.26164874551971323,0.17204301075268819,1.4157706093189963,0.0,0.006711409395973154,[],0,0.0,BYE,0.0,0.0,0.0,0.0,0.0,0.0,0.0,0.0,0.0,0.0,0.0,0.0,0.0,0.0,0.0,0.05321896244924032,0.0,0.9458149721315895,1.2236887552588518,1.6766125153221922,0.0,0.0,1.0726335520149957,1.1752136752136755,3.4664929923832926,2.781310528110783,2.917843008975271,0.0,0.5024600090831105,0.0,0.0,0.0,0.0,0.0,0.0,0.0,0.0,0.0,0.0,0.0,0.0,0.0,0.0,0.0,0.0,0.0,0.0,0.0,0.0,0.0,0.0,0.0,0.0,0.0,0.0,0.0,0.0
IND,0.5844155844155844,14.4375,7.086580086580087,0.03463203463203463,0.047619047619047616,0.875,1.7578125,37.58222222222222,0.35555555555555557,0.08225108225108226,66.86842105263158,0.18614718614718614,0.004329004329004329,0.03473227206946455,0.0,0.0,0.0,0.0,0.0,0.0,0.0,0.0,0.0,0.0,0.0,0.0,0.0,0.0,"['Indianapolis Colts', 'Indianapolis Colts', 'New York Jets', 'Indianapolis Colts', 'New England Patriots', 'Indianapolis Colts', 'Tennessee Titans', 'Indianapolis Colts']",8,DEN,HOME,2.0,0.04820808611473392,0.77922095950248,0.9878624403803853,0.7389808716822935,2.2274994846423417,0.648576512455516,0.1999914650799844,8.206802041028846,9.73599240265907,1.0897159077639706,1081.0194651800057,0.3836414332695089,2.0516442621705786,2.6002850831855335,0.0,0.0,0.0,0.0,0.0,0.0,0.0,0.0,0.0,0.0,0.0,0.0,0.0,0.0,0.0,0.0,0.0,0.0,0.0,0.0,0.0,0.0,0.0,0.0,0.0,0.0,0.0,0.0,0.05512500499418624,0.0,1.061868146609153,1.1657816802694891,1.6845190884502064,0.0,0.0,0.9015654175119846,1.2382527116552333,1.0420272250598366,0.9105106566148531,0.7031545306037373,1.0689537085816694,1.141871788722983
Indianapolis Colts,0.0,0.0,0.0,0.0,0.0,0.0,0.0,0.0,0.0,0.0,0.0,0.0,0.0,0.0,0.6559714795008912,0.0,7.78698752228164,0.05614973262032086,0.045454545454545456,0.0,0.0,4.120200333889816,0.04507512520868113,0.06951871657754011,0.045454545454545456,0.21657754010695188,0.0,0.015107495642068562,[],0,0.0,BYE,0.0,0.0,0.0,0.0,0.0,0.0,0.0,0.0,0.0,0.0,0.0,0.0,0.0,0.0,0.0,0.054110688379762344,0.0,1.0854985624927949,1.1981270750437187,2.1262495080676893,0.0,0.0,0.8997250963414501,1.2342686528830102,0.9210292347354921,0.7348348838474511,0.4463570984893533,0.0,1.1310459472329863,0.0,0.0,0.0,0.0,0.0,0.0,0.0,0.0,0.0,0.0,0.0,0.0,0.0,0.0,0.0,0.0,0.0,0.0,0.0,0.0,0.0,0.0,0.0,0.0,0.0,0.0,0.0,0.0
JAX,0.6296992481203008,11.083333333333334,6.124060150375939,0.024436090225563912,0.03853383458646616,0.5208333333333334,0.9375,27.355555555555554,0.22222222222222224,0.11466165413533834,68.31693989071039,0.5535714285714286,0.0,0.010398613518197573,0.0,0.0,0.0,0.0,0.0,0.0,0.0,0.0,0.0,0.0,0.0,0.0,0.0,0.0,"['Jacksonville Jaguars', 'Jacksonville Jaguars', 'Jacksonville Jaguars', 'Jacksonville Jaguars', 'Tennessee Titans', 'Jacksonville Jaguars', 'Jacksonville Jaguars', 'Tennessee Titans']",8,CIN,AWAY,2.0,0.05194350799204518,0.5981898274968533,0.8536880880868143,0.5214190689995131,1.8025160303355792,0.3860574478901881,0.106662114709325,5.97361241278767,6.084995251661919,1.5191122730809368,1104.4367529668764,1.1408871692869407,0.0,0.778508228977991,0.0,0.0,0.0,0.0,0.0,0.0,0.0,0.0,0.0,0.0,0.0,0.0,0.0,0.0,0.0,0.0,0.0,0.0,0.0,0.0,0.0,0.0,0.0,0.0,0.0,0.0,0.0,0.0,0.053476664302567624,0.0,1.0180375049686454,0.8958809846495698,1.750717334219245,0.0,0.0,0.9586997124664992,1.2131208666810367,1.328468482641995,1.3058666803334966,1.2864415070419246,2.0143668540078066,0.6065028316710268
Jacksonville Jaguars,0.0,0.0,0.0,0.0,0.0,0.0,0.0,0.0,0.0,0.0,0.0,0.0,0.0,0.0,0.6327231121281466,0.0,7.2048054919908475,0.03661327231121282,0.03947368421052632,0.0,0.0,4.421052631578948,0.04483430799220273,0.07894736842105264,0.06636155606407322,0.5257437070938216,0.0034324942791762016,0.006488824801730354,[],0,0.0,BYE,0.0,0.0,0.0,0.0,0.0,0.0,0.0,0.0,0.0,0.0,0.0,0.0,0.0,0.0,0.0,0.052192944694927176,0.0,1.0043429480550534,0.7812566652567956,1.84647983595352,0.0,0.0,0.965421989838702,1.2276744805984574,1.045946155236055,1.072825299530146,1.0835354189153155,1.6267614115379985,0.4857958703536058,0.0,0.0,0.0,0.0,0.0,0.0,0.0,0.0,0.0,0.0,0.0,0.0,0.0,0.0,0.0,0.0,0.0,0.0,0.0,0.0,0.0,0.0,0.0,0.0,0.0,0.0,0.0,0.0
KAN,0.6685393258426966,19.77777777777778,6.396067415730337,0.05056179775280899,0.0056179775280898875,1.3333333333333333,0.8641975308641975,37.8,0.2571428571428572,0.0702247191011236,121.03999999999999,0.38202247191011235,0.0,0.005382775119617225,0.0,0.0,0.0,0.0,0.0,0.0,0.0,0.0,0.0,0.0,0.0,0.0,0.0,0.0,"['Tampa Bay Buccaneers', 'Denver Broncos', 'Kansas City Chiefs', 'Carolina Panthers', 'Las Vegas Raiders', 'Los Angeles Chargers', 'Cleveland Browns', 'Houston Texans', 'Pittsburgh Steelers']",9,PHI,HOME,2.0,0.05514740238068751,1.0674465092174426,0.8916056389606187,1.0788913147664947,0.26279488301960213,0.9883070665988815,0.0983222785797893,8.2543580131209,7.041208791208793,0.9303828159871276,1956.7771154997008,0.7873320660827601,0.0,0.4029897560887867,0.0,0.0,0.0,0.0,0.0,0.0,0.0,0.0,0.0,0.0,0.0,0.0,0.0,0.0,0.0,0.0,0.0,0.0,0.0,0.0,0.0,0.0,0.0,0.0,0.0,0.0,0.0,0.0,0.05475139517933824,0.0,0.9846401557332166,1.1140475717648033,1.080121034953463,0.0,0.0,1.0195022555414988,0.8736245789057578,0.9706985485400307,0.9052673371538416,0.8441667049894874,0.47875484073893776,0.9773038739581958
Kansas City Chiefs,0.0,0.0,0.0,0.0,0.0,0.0,0.0,0.0,0.0,0.0,0.0,0.0,0.0,0.0,0.684931506849315,0.0,6.273972602739726,0.0547945205479452,0.0410958904109589,0.0,0.0,3.857142857142857,0.08571428571428572,0.0821917808219178,0.0684931506849315,0.0958904109589041,0.0,0.0,[],0,0.0,BYE,0.0,0.0,0.0,0.0,0.0,0.0,0.0,0.0,0.0,0.0,0.0,0.0,0.0,0.0,0.0,0.05649958342213869,0.0,0.8745857395951832,1.1692094613603412,1.9223625689379107,0.0,0.0,0.8422814299102961,2.3470695970695976,1.0889302438073996,1.1072854414139672,0.19762605848894416,0.0,0.0,0.0,0.0,0.0,0.0,0.0,0.0,0.0,0.0,0.0,0.0,0.0,0.0,0.0,0.0,0.0,0.0,0.0,0.0,0.0,0.0,0.0,0.0,0.0,0.0,0.0,0.0,0.0,0.0
LAC,0.6507352941176471,30.22222222222222,7.650735294117647,0.04779411764705882,0.007352941176470588,2.7777777777777777,0.5061728395061729,39.73170731707317,0.43902439024390244,0.0,0.0,0.0,0.0,0.007231820008035356,0.0,0.0,0.0,0.0,0.0,0.0,0.0,0.0,0.0,0.0,0.0,0.0,0.0,0.0,"['Cleveland Browns', 'Tennessee Titans', 'Cincinnati Bengals', 'Los Angeles Chargers', 'Atlanta Falcons', 'Los Angeles Chargers', 'Los Angeles Chargers', 'Denver Broncos', 'New England Patriots']",9,LVR,AWAY,2.0,0.05367875863216574,1.6311542163322716,1.0665051330844069,1.0198343555431653,0.3439521263050675,2.058973055414336,0.05758876316816231,8.676183509726382,12.02157598499062,0.0,0.0,0.0,0.0,0.541421351691805,0.0,0.0,0.0,0.0,0.0,0.0,0.0,0.0,0.0,0.0,0.0,0.0,0.0,0.0,0.0,0.0,0.0,0.0,0.0,0.0,0.0,0.0,0.0,0.0,0.0,0.0,0.0,0.0,0.05552621474497952,0.0,1.0658987748148618,1.2742127069935831,0.863085323879177,0.0,0.0,1.0510907065618147,0.765913325348505,1.4360087155064807,1.46040257583841,1.387890956733216,1.0264377083581995,0.7240589169025604
LAR,0.6421052631578947,31.666666666666668,7.336842105263158,0.0456140350877193,0.010526315789473684,1.2222222222222223,0.2962962962962963,18.0,0.0,0.0,0.0,0.0,0.0,0.013904982618771726,0.0,0.0,0.0,0.0,0.0,0.0,0.0,0.0,0.0,0.0,0.0,0.0,0.0,0.0,"['Seattle Seahawks', 'Los Angeles Rams', 'New England Patriots', 'Los Angeles Rams', 'New Orleans Saints', 'Buffalo Bills', 'San Francisco 49ers', 'New York Jets', 'Arizona Cardinals']",9,TEN,AWAY,2.0,0.05296687262711234,1.7091137928481526,1.022748724806769,0.9733155954657577,0.4923946229209387,0.9059481443823081,0.03371049551307062,3.930646672914714,0.0,0.0,0.0,0.0,0.0,1.041017956246352,0.0,0.0,0.0,0.0,0.0,0.0,0.0,0.0,0.0,0.0,0.0,0.0,0.0,0.0,0.0,0.0,0.0,0.0,0.0,0.0,0.0,0.0,0.0,0.0,0.0,0.0,0.0,0.0,0.05505212232563457,0.0,1.020341098518799,0.9490225517129394,0.7506989289451043,0.0,0.0,1.12448576830734,1.4683170699571004,0.8906767176296833,0.8913474350637889,0.9193260927390156,1.0373766194662861,1.131866731428303
Las Vegas Raiders,0.0,0.0,0.0,0.0,0.0,0.0,0.0,0.0,0.0,0.0,0.0,0.0,0.0,0.0,0.6318681318681318,0.0,8.005494505494505,0.06593406593406594,0.02197802197802198,0.0,0.0,4.8545454545454545,0.00909090909090909,0.0989010989010989,0.07142857142857142,0.489010989010989,0.005494505494505495,0.0136986301369863,[],0,0.0,BYE,0.0,0.0,0.0,0.0,0.0,0.0,0.0,0.0,0.0,0.0,0.0,0.0,0.0,0.0,0.0,0.0521224178932807,0.0,1.1159582255516491,1.4069058903182128,1.0280766852195422,0.0,0.0,1.0600834966345747,0.248931623931624,1.3103061724935192,1.1547405317602801,1.0078308492956596,2.604010025062657,1.0255690596353897,0.0,0.0,0.0,0.0,0.0,0.0,0.0,0.0,0.0,0.0,0.0,0.0,0.0,0.0,0.0,0.0,0.0,0.0,0.0,0.0,0.0,0.0,0.0,0.0,0.0,0.0,0.0,0.0
Los Angeles Chargers,0.0,0.0,0.0,0.0,0.0,0.0,0.0,0.0,0.0,0.0,0.0,0.0,0.0,0.0,0.671280276816609,0.0,7.051903114186851,0.05190311418685121,0.01384083044982699,0.0,0.0,5.779220779220779,0.025974025974025976,0.0034602076124567475,0.0034602076124567475,0.04498269896193772,0.0,0.00546448087431694,[],0,0.0,BYE,0.0,0.0,0.0,0.0,0.0,0.0,0.0,0.0,0.0,0.0,0.0,0.0,0.0,0.0,0.0,0.055373501759469076,0.0,0.9830285038193272,1.1075124223093198,0.6474392965742445,0.0,0.0,1.2620041626602079,0.7112332112332115,0.045843084081857076,0.05593898769772984,0.09270742931587149,0.0,0.40910678335182216,0.0,0.0,0.0,0.0,0.0,0.0,0.0,0.0,0.0,0.0,0.0,0.0,0.0,0.0,0.0,0.0,0.0,0.0,0.0,0.0,0.0,0.0,0.0,0.0,0.0,0.0,0.0,0.0
Los Angeles Rams,0.0,0.0,0.0,0.0,0.0,0.0,0.0,0.0,0.0,0.0,0.0,0.0,0.0,0.0,0.6870967741935484,0.0,6.766129032258064,0.02741935483870968,0.014516129032258065,0.0,0.0,5.969465648854961,0.030534351145038167,0.037096774193548385,0.037096774193548385,0.22419354838709676,0.0,0.02796271637816245,[],0,0.0,BYE,0.0,0.0,0.0,0.0,0.0,0.0,0.0,0.0,0.0,0.0,0.0,0.0,0.0,0.0,0.0,0.05667819500844094,0.0,0.943191871971161,0.5850761861081386,0.6790280687054879,0.0,0.0,1.3035477939861353,0.8361062177856072,0.4914822256324258,0.5997200826238874,0.4620533676238056,0.0,2.093471862078632,0.0,0.0,0.0,0.0,0.0,0.0,0.0,0.0,0.0,0.0,0.0,0.0,0.0,0.0,0.0,0.0,0.0,0.0,0.0,0.0,0.0,0.0,0.0,0.0,0.0,0.0,0.0,0.0
MIA,0.745819397993311,16.61111111111111,7.190635451505017,0.05351170568561873,0.013377926421404682,0.8888888888888888,0.8148148148148148,31.5,0.27272727272727276,0.18394648829431437,138.62727272727273,1.2073578595317727,0.013377926421404682,0.01594048884165781,0.0,0.0,0.0,0.0,0.0,0.0,0.0,0.0,0.0,0.0,0.0,0.0,0.0,0.0,"['Miami Dolphins', 'Los Angeles Rams', 'Las Vegas Raiders', 'New England Patriots', 'Miami Dolphins', 'New York Jets', 'Miami Dolphins', 'San Francisco 49ers', 'Cleveland Browns']",9,NWE,HOME,2.0,0.06152218853036761,0.8965351299326273,1.0023676580557026,1.1418366646060858,0.625785808394504,0.6588713777325876,0.0927038626609442,6.87863167760075,7.467948717948719,2.4370428812077534,2241.099428757957,2.48831319606266,6.340198321891687,1.1934092670571221,0.0,0.0,0.0,0.0,0.0,0.0,0.0,0.0,0.0,0.0,0.0,0.0,0.0,0.0,0.0,0.0,0.0,0.0,0.0,0.0,0.0,0.0,0.0,0.0,0.0,0.0,0.0,0.0,0.057104306949946206,0.0,1.0043953820929659,1.0574707256120295,0.9187094245892684,0.0,0.0,0.9204379961257128,0.8220596688620128,1.5442546145565377,1.6629882008509653,1.6525962279275237,2.9035305196659364,0.9835610329891102
MIN,0.6857142857142857,35.0,8.073015873015873,0.06666666666666667,0.022222222222222223,2.7777777777777777,0.4567901234567901,23.351351351351354,0.24324324324324326,0.0,0.0,0.0,0.0,0.009401114206128134,0.0,0.0,0.0,0.0,0.0,0.0,0.0,0.0,0.0,0.0,0.0,0.0,0.0,0.0,"['Indianapolis Colts', 'Jacksonville Jaguars', 'Tennessee Titans', 'Chicago Bears', 'Arizona Cardinals', 'Atlanta Falcons', 'Chicago Bears', 'Seattle Seahawks', 'Green Bay Packers']",9,ATL,HOME,2.0,0.05656415437462114,1.8890205078848001,1.1253706391676042,1.4225381779884152,1.0394997594997597,2.058973055414336,0.0519703472493172,5.099217305402873,6.660602910602911,0.0,0.0,0.0,0.0,0.7038289054809729,0.0,0.0,0.0,0.0,0.0,0.0,0.0,0.0,0.0,0.0,0.0,0.0,0.0,0.0,0.0,0.0,0.0,0.0,0.0,0.0,0.0,0.0,0.0,0.0,0.0,0.0,0.0,0.0,0.055049405107690845,0.0,1.0556420948596175,1.1074576431021452,1.0926283971272888,0.0,0.0,0.9602321414618784,1.044821263564276,1.3370297314500343,1.3273411644785746,1.2620261876141043,0.6955500220407341,0.8380605748585993
Miami Dolphins,0.0,0.0,0.0,0.0,0.0,0.0,0.0,0.0,0.0,0.0,0.0,0.0,0.0,0.0,0.7569060773480663,0.0,7.1878453038674035,0.055248618784530384,0.022099447513812154,0.0,0.0,3.3484848484848486,0.030303030303030304,0.1878453038674033,0.17679558011049723,1.3701657458563536,0.011049723756906077,0.008097165991902834,[],0,0.0,BYE,0.0,0.0,0.0,0.0,0.0,0.0,0.0,0.0,0.0,0.0,0.0,0.0,0.0,0.0,0.0,0.06243672196738222,0.0,1.0019787141616605,1.1788990425318358,1.0337566669058378,0.0,0.0,0.7312061571667946,0.82977207977208,2.4886969292172796,2.8581423106552792,2.823853325085908,5.236793641562469,0.6062068125780037,0.0,0.0,0.0,0.0,0.0,0.0,0.0,0.0,0.0,0.0,0.0,0.0,0.0,0.0,0.0,0.0,0.0,0.0,0.0,0.0,0.0,0.0,0.0,0.0,0.0,0.0,0.0,0.0
NOR,0.5228758169934641,9.5625,5.73202614379085,0.0196078431372549,0.0392156862745098,0.75,1.7578125,36.48,0.0,0.42483660130718953,61.2,2.7058823529411766,0.006535947712418301,0.022084195997239476,0.0,0.0,0.0,0.0,0.0,0.0,0.0,0.0,0.0,0.0,0.0,0.0,0.0,0.0,"['New Orleans Saints', 'Atlanta Falcons', 'Cleveland Browns', 'New Orleans Saints', 'New York Giants', 'New Orleans Saints', 'New Orleans Saints', 'New Orleans Saints']",8,SFO,HOME,2.0,0.043131708128796076,0.5161073887613828,0.7990389250595546,0.41839358176129854,1.8344113402936932,0.5559227249618708,0.1999914650799844,7.966110590440487,0.0,5.62851199005023,989.3816876122085,5.576708440385501,3.0975805526889126,1.6533673728835552,0.0,0.0,0.0,0.0,0.0,0.0,0.0,0.0,0.0,0.0,0.0,0.0,0.0,0.0,0.0,0.0,0.0,0.0,0.0,0.0,0.0,0.0,0.0,0.0,0.0,0.0,0.0,0.0,0.050091501665656894,0.0,0.9410462455961083,0.966837576509312,1.1392559655970411,0.0,0.0,1.0418937370496237,0.45059084093437307,1.7589651655302727,1.688952577003628,1.6205386707349347,0.9493786549707601,0.7181627774394989
NWE,0.6798418972332015,15.8125,6.766798418972332,0.039525691699604744,0.03162055335968379,1.5,1.125,38.111111111111114,0.16666666666666666,0.07114624505928854,105.41666666666666,0.42292490118577075,0.003952569169960474,0.04059040590405904,0.0,0.0,0.0,0.0,0.0,0.0,0.0,0.0,0.0,0.0,0.0,0.0,0.0,0.0,"['New England Patriots', 'Chicago Bears', 'New England Patriots', 'New England Patriots', 'New England Patriots', 'New England Patriots', 'New England Patriots', 'New England Patriots']",8,MIA,AWAY,2.0,0.056079744620424775,0.8534324794550971,0.9432851838345758,0.8434020818113134,1.4791300925688278,1.1118454499237416,0.12799453765119,8.322295116109549,4.563746438746438,0.9425917920704369,1704.2045681228806,0.8716302331209166,1.8732404132861802,3.038863302166857,0.0,0.0,0.0,0.0,0.0,0.0,0.0,0.0,0.0,0.0,0.0,0.0,0.0,0.0,0.0,0.0,0.0,0.0,0.0,0.0,0.0,0.0,0.0,0.0,0.0,0.0,0.0,0.0,0.055337004635626616,0.0,1.0111237782474243,1.1947247919560018,0.8749676653396969,0.0,0.0,0.9794827100009731,0.5472554552024327,0.7191173807330186,0.7494830023159428,0.7672675004366831,3.8114760706914343,1.2804162935795804
NYG,0.5990338164251208,29.571428571428573,6.236714975845411,0.033816425120772944,0.028985507246376812,2.142857142857143,0.5918367346938777,47.55172413793103,0.9655172413793103,0.0,0.0,0.0,0.0,0.014208389715832206,0.0,0.0,0.0,0.0,0.0,0.0,0.0,0.0,0.0,0.0,0.0,0.0,0.0,0.0,"['New York Giants', 'New York Giants', 'New York Giants', 'New York Giants', 'New York Giants', 'New York Giants', 'Indianapolis Colts']",7,DAL,AWAY,2.0,0.049413935182338116,1.596029571967974,0.8693920622815947,0.7215773366607903,1.3558692515214255,1.5883506427482024,0.0673349948641181,10.383834793006496,26.438255231358678,0.0,0.0,0.0,0.0,1.0637329962253403,0.0,0.0,0.0,0.0,0.0,0.0,0.0,0.0,0.0,0.0,0.0,0.0,0.0,0.0,0.0,0.0,0.0,0.0,0.0,0.0,0.0,0.0,0.0,0.0,0.0,0.0,0.0,0.0,0.05119225100684564,0.0,0.886755570003757,0.5972669165695957,1.1660077947467973,0.0,0.0,1.117238906881735,1.6362238426424354,0.47754652983804086,0.5271396171378796,0.37718279478081385,0.0,1.0818968096202286
NYJ,0.6539717083786726,19.145833333333332,6.803046789989119,0.046789989118607184,0.007616974972796517,1.2916666666666667,0.7421875,37.305263157894736,0.16842105263157894,0.08052230685527748,128.32882882882885,0.4874863982589772,0.003264417845484222,0.020950635066125444,0.0,0.0,0.0,0.0,0.0,0.0,0.0,0.0,0.0,0.0,0.0,0.0,0.0,0.0,"['Houston Texans', 'New York Jets', 'New York Jets', 'New York Jets', 'New York Jets', 'Jacksonville Jaguars', 'New York Jets', 'New York Jets']",8,BUF,HOME,2.0,0.05394572847615868,1.0333391944917447,0.9483381718506524,0.9984081880332185,0.35630296435519504,0.9574224707676665,0.08444084081154897,8.146322695210378,4.61178587494377,1.0668119653695272,2074.6110005876617,1.004688732601031,1.5471049768054526,1.5685015865577265,0.0,0.0,0.0,0.0,0.0,0.0,0.0,0.0,0.0,0.0,0.0,0.0,0.0,0.0,0.0,0.0,0.0,0.0,0.0,0.0,0.0,0.0,0.0,0.0,0.0,0.0,0.0,0.0,0.05616433404619044,0.0,0.9912671196431251,0.8811307116836048,0.767091787090352,0.0,0.0,0.8458724054079041,1.7964235937675683,1.2188951081202632,1.1505404167990894,1.0925499422209002,0.9672005527052568,1.0041957353006499
New England Patriots,0.0,0.0,0.0,0.0,0.0,0.0,0.0,0.0,0.0,0.0,0.0,0.0,0.0,0.0,0.6764705882352942,0.0,7.257352941176471,0.058823529411764705,0.02022058823529412,0.0,0.0,4.520833333333333,0.020833333333333332,0.051470588235294115,0.04411764705882353,0.34375,0.009191176470588236,0.017857142857142856,[],0,0.0,BYE,0.0,0.0,0.0,0.0,0.0,0.0,0.0,0.0,0.0,0.0,0.0,0.0,0.0,0.0,0.0,0.055801647391629926,0.0,1.0116680118734354,1.2551807452838957,0.9458683473389353,0.0,0.0,0.9872110278038114,0.5704683048433049,0.681915875717624,0.7132220931460556,0.7084541293152775,4.3559726522187825,1.3369025241675616,0.0,0.0,0.0,0.0,0.0,0.0,0.0,0.0,0.0,0.0,0.0,0.0,0.0,0.0,0.0,0.0,0.0,0.0,0.0,0.0,0.0,0.0,0.0,0.0,0.0,0.0,0.0,0.0
New Orleans Saints,0.0,0.0,0.0,0.0,0.0,0.0,0.0,0.0,0.0,0.0,0.0,0.0,0.0,0.0,0.5801282051282052,0.0,6.387820512820513,0.038461538461538464,0.02564102564102564,0.0,0.0,4.919786096256685,0.0053475935828877,0.1346153846153846,0.09935897435897435,0.8076923076923077,0.003205128205128205,0.01002004008016032,[],0,0.0,BYE,0.0,0.0,0.0,0.0,0.0,0.0,0.0,0.0,0.0,0.0,0.0,0.0,0.0,0.0,0.0,0.04785442280491786,0.0,0.8904560286359562,0.8206951026856242,1.199422799422799,0.0,0.0,1.0743300472613007,0.14643036701860235,1.7834722903384013,1.6062736884101334,1.664619492656876,1.5190058479532162,0.7501657450238823,0.0,0.0,0.0,0.0,0.0,0.0,0.0,0.0,0.0,0.0,0.0,0.0,0.0,0.0,0.0,0.0,0.0,0.0,0.0,0.0,0.0,0.0,0.0,0.0,0.0,0.0,0.0,0.0
New York Giants,0.0,0.0,0.0,0.0,0.0,0.0,0.0,0.0,0.0,0.0,0.0,0.0,0.0,0.0,0.6146953405017921,0.0,6.123655913978495,0.023297491039426525,0.021505376344086023,0.0,0.0,5.282296650717703,0.06220095693779904,0.03046594982078853,0.03046594982078853,0.1774193548387097,0.0,0.014341590612777053,[],0,0.0,BYE,0.0,0.0,0.0,0.0,0.0,0.0,0.0,0.0,0.0,0.0,0.0,0.0,0.0,0.0,0.0,0.05070584477802619,0.0,0.8536317379222508,0.4971235568239085,1.0059675091933153,0.0,0.0,1.153491208638449,1.7032163742690063,0.40363274568846563,0.4925237393529511,0.3656537441627239,0.0,1.0737052866847692,0.0,0.0,0.0,0.0,0.0,0.0,0.0,0.0,0.0,0.0,0.0,0.0,0.0,0.0,0.0,0.0,0.0,0.0,0.0,0.0,0.0,0.0,0.0,0.0,0.0,0.0,0.0,0.0
New York Jets,0.0,0.0,0.0,0.0,0.0,0.0,0.0,0.0,0.0,0.0,0.0,0.0,0.0,0.0,0.6948424068767908,0.0,7.149713467048711,0.03939828080229226,0.009312320916905445,0.0,0.0,3.609271523178808,0.0728476821192053,0.0659025787965616,0.05515759312320918,0.3832378223495702,0.002148997134670487,0.015684153596538672,[],0,0.0,BYE,0.0,0.0,0.0,0.0,0.0,0.0,0.0,0.0,0.0,0.0,0.0,0.0,0.0,0.0,0.0,0.057317127537559326,0.0,0.9966631728263929,0.8406833788255318,0.43560699090785043,0.0,0.0,0.7881539502349226,1.9947500990547353,0.8731202862237936,0.8916979177919644,0.7898368516461026,1.0184738350173428,1.1742183338280805,0.0,0.0,0.0,0.0,0.0,0.0,0.0,0.0,0.0,0.0,0.0,0.0,0.0,0.0,0.0,0.0,0.0,0.0,0.0,0.0,0.0,0.0,0.0,0.0,0.0,0.0,0.0,0.0
PHI,0.6737967914438503,10.38888888888889,7.86096256684492,0.0570409982174688,0.007130124777183601,1.1481481481481481,1.6584362139917697,47.6575682382134,0.4689826302729528,0.10695187165775401,67.00833333333333,0.8146167557932262,0.0053475935828877,0.029205807002561913,0.0,0.0,0.0,0.0,0.0,0.0,0.0,0.0,0.0,0.0,0.0,0.0,0.0,0.0,"['Jacksonville Jaguars', 'Dallas Cowboys', 'Washington Commanders', 'Los Angeles Rams', 'Baltimore Ravens', 'Carolina Panthers', 'Pittsburgh Steelers', 'Philadelphia Eagles', 'Dallas Cowboys']",9,KAN,AWAY,2.0,0.05558108752051676,0.5607092618642184,1.0958106124741276,1.2171449651237776,0.33352933459885337,0.8510421962379258,0.1886851346078814,10.40694789081886,12.841906852452757,1.4169680534392186,1083.2813385198483,1.6788904856760039,2.5343840885636557,2.186537757716238,0.0,0.0,0.0,0.0,0.0,0.0,0.0,0.0,0.0,0.0,0.0,0.0,0.0,0.0,0.0,0.0,0.0,0.0,0.0,0.0,0.0,0.0,0.0,0.0,0.0,0.0,0.0,0.0,0.05153498573905043,0.0,0.919889617659284,0.916297297060918,1.15951518225945,0.0,0.0,1.0863530655069842,0.9208143239696412,1.2198181463913795,1.1976873885329395,1.2281491390479615,1.5896842283690409,1.3970879335569744
PIT,0.6491935483870968,31.0,7.225806451612903,0.04838709677419355,0.020161290322580645,3.0,0.515625,31.272727272727273,0.24242424242424243,0.0,0.0,0.0,0.0,0.015865146256817054,0.0,0.0,0.0,0.0,0.0,0.0,0.0,0.0,0.0,0.0,0.0,0.0,0.0,0.0,"['Washington Commanders', 'Baltimore Ravens', 'Pittsburgh Steelers', 'Cincinnati Bengals', 'Cleveland Browns', 'Pittsburgh Steelers', 'Pittsburgh Steelers', 'Pittsburgh Steelers']",8,SEA,HOME,2.0,0.05355158096454807,1.6731324498408229,1.007270461604482,1.032487387249656,0.9430945398687335,2.223690899847483,0.05866416309012876,6.829002300417484,6.638176638176638,0.0,0.0,0.0,0.0,1.187768628313471,0.0,0.0,0.0,0.0,0.0,0.0,0.0,0.0,0.0,0.0,0.0,0.0,0.0,0.0,0.0,0.0,0.0,0.0,0.0,0.0,0.0,0.0,0.0,0.0,0.0,0.0,0.0,0.0,0.053451519442957285,0.0,1.0244865673751247,0.8326755648530318,0.9378331674097892,0.0,0.0,1.0455640373802486,1.0666390703812083,0.893706167513053,0.9143529555064479,0.9891979748004394,0.0,1.2799710548962024
Philadelphia Eagles,0.0,0.0,0.0,0.0,0.0,0.0,0.0,0.0,0.0,0.0,0.0,0.0,0.0,0.0,0.5895953757225433,0.0,6.254335260115607,0.09826589595375722,0.04624277456647399,0.0,0.0,5.692913385826772,0.031496062992125984,0.06358381502890172,0.03468208092485549,0.29479768786127164,0.0,0.02666666666666667,[],0,0.0,BYE,0.0,0.0,0.0,0.0,0.0,0.0,0.0,0.0,0.0,0.0,0.0,0.0,0.0,0.0,0.0,0.04863536394927684,0.0,0.8718483129422361,2.0968048288268544,2.1631208868203085,0.0,0.0,1.2431572810662026,0.862440271889091,0.8423997936197897,0.5606832639760898,0.6075654960812048,0.0,1.9964411027568925,0.0,0.0,0.0,0.0,0.0,0.0,0.0,0.0,0.0,0.0,0.0,0.0,0.0,0.0,0.0,0.0,0.0,0.0,0.0,0.0,0.0,0.0,0.0,0.0,0.0,0.0,0.0,0.0
Pittsburgh Steelers,0.0,0.0,0.0,0.0,0.0,0.0,0.0,0.0,0.0,0.0,0.0,0.0,0.0,0.0,0.6868131868131868,0.0,7.384615384615385,0.03571428571428571,0.016483516483516484,0.0,0.0,5.3076923076923075,0.046153846153846156,0.016483516483516484,0.016483516483516484,0.17307692307692307,0.0,0.022267206477732792,[],0,0.0,BYE,0.0,0.0,0.0,0.0,0.0,0.0,0.0,0.0,0.0,0.0,0.0,0.0,0.0,0.0,0.0,0.0566548020579138,0.0,1.0294082739474377,0.7620740239223652,0.7710575139146566,0.0,0.0,1.1590368394492108,1.2638067061143987,0.21838436208225323,0.26647858425237236,0.35670417699790197,0.0,1.66706873458951,0.0,0.0,0.0,0.0,0.0,0.0,0.0,0.0,0.0,0.0,0.0,0.0,0.0,0.0,0.0,0.0,0.0,0.0,0.0,0.0,0.0,0.0,0.0,0.0,0.0,0.0,0.0,0.0
SEA,0.720164609053498,15.1875,7.818930041152264,0.037037037037037035,0.03292181069958848,1.6875,0.6484375,37.204819277108435,0.4819277108433735,0.09876543209876543,96.1875,0.5925925925925926,0.0,0.023680315737543166,0.0,0.0,0.0,0.0,0.0,0.0,0.0,0.0,0.0,0.0,0.0,0.0,0.0,0.0,"['Seattle Seahawks', 'San Francisco 49ers', 'Arizona Cardinals', 'New York Jets', 'Arizona Cardinals', 'Seattle Seahawks', 'Seattle Seahawks', 'Chicago Bears']",8,PIT,AWAY,2.0,0.05940594059405942,0.8196999703857257,1.0899513188658143,0.7902989877713417,1.5399996437033476,1.2508261311642093,0.07377462934061646,8.124388839331083,13.196375244568017,1.3085087703364637,1555.0024685816877,1.221308128651253,0.0,1.772863337425953,0.0,0.0,0.0,0.0,0.0,0.0,0.0,0.0,0.0,0.0,0.0,0.0,0.0,0.0,0.0,0.0,0.0,0.0,0.0,0.0,0.0,0.0,0.0,0.0,0.0,0.0,0.0,0.0,0.05418219578041323,0.0,1.0069989696506532,0.9910510636612977,0.94244555487462,0.0,0.0,0.9959804946629388,1.1822912290171266,0.8306356801702541,0.798229693727109,0.939872131571832,0.4326763843780722,1.0059595373981267
SFO,0.0,0.0,0.0,0.0,0.0,0.0,3.125,16.16,0.0,190000.0,7.894736842105263e-05,1460000.0,0.0,0.08,0.0,0.0,0.0,0.0,0.0,0.0,0.0,0.0,0.0,0.0,0.0,0.0,0.0,0.0,"['Tampa Bay Buccaneers', 'San Francisco 49ers', 'San Francisco 49ers', 'San Francisco 49ers']",4,NOR,AWAY,2.0,0.0,0.0,0.0,0.0,0.0,0.0,0.3555403823644167,3.5288472352389877,0.0,2517243.746934772,0.0012762921666824153,3008997.9019645248,0.0,5.989323308270678,0.0,0.0,0.0,0.0,0.0,0.0,0.0,0.0,0.0,0.0,0.0,0.0,0.0,0.0,0.0,0.0,0.0,0.0,0.0,0.0,0.0,0.0,0.0,0.0,0.0,0.0,0.0,0.0,0.05653745929588696,0.0,0.9609835301819993,0.9219868983218459,0.2629065791626833,0.0,0.0,1.014643372979669,1.0194499907696197,2.2067307285469964,2.1643605248167024,2.6588550574818393,1.8322029300054261,1.0085513491754363
San Francisco 49ers,0.0,0.0,0.0,0.0,0.0,0.0,0.0,0.0,0.0,0.0,0.0,0.0,0.0,0.0,0.6752577319587629,0.0,7.061855670103093,0.041237113402061855,0.005154639175257732,0.0,0.0,4.942528735632184,0.04597701149425287,0.20103092783505155,0.15979381443298968,1.5154639175257731,0.005154639175257732,0.010869565217391304,[],0,0.0,BYE,0.0,0.0,0.0,0.0,0.0,0.0,0.0,0.0,0.0,0.0,0.0,0.0,0.0,0.0,0.0,0.055701599615042514,0.0,0.9844158805307057,0.8799205224670609,0.24112107823448023,0.0,0.0,1.0792963405832232,1.258964534826604,2.663388663333047,2.583285519504957,3.123306676943829,2.4429372400072347,0.8137667538411245,0.0,0.0,0.0,0.0,0.0,0.0,0.0,0.0,0.0,0.0,0.0,0.0,0.0,0.0,0.0,0.0,0.0,0.0,0.0,0.0,0.0,0.0,0.0,0.0,0.0,0.0,0.0,0.0
Seattle Seahawks,0.0,0.0,0.0,0.0,0.0,0.0,0.0,0.0,0.0,0.0,0.0,0.0,0.0,0.0,0.6441281138790036,0.0,7.6263345195729535,0.06405693950177936,0.028469750889679714,0.0,0.0,3.6206896551724137,0.034482758620689655,0.046263345195729534,0.03202846975088968,0.3309608540925267,0.0,0.017699115044247787,[],0,0.0,BYE,0.0,0.0,0.0,0.0,0.0,0.0,0.0,0.0,0.0,0.0,0.0,0.0,0.0,0.0,0.0,0.05313373635279136,0.0,1.0631036886084544,1.3668516300956302,1.3317434641278054,0.0,0.0,0.7906473192644541,0.9442234011199531,0.6129269284538684,0.5177840106825456,0.6820962435594519,0.0,1.3250715283784682,0.0,0.0,0.0,0.0,0.0,0.0,0.0,0.0,0.0,0.0,0.0,0.0,0.0,0.0,0.0,0.0,0.0,0.0,0.0,0.0,0.0,0.0,0.0,0.0,0.0,0.0,0.0,0.0
TAM,0.7244094488188977,31.75,8.228346456692913,0.07086614173228346,0.023622047244094488,2.375,0.34375,51.27272727272727,0.36363636363636365,0.0,0.0,0.0,0.0,0.035053554040895815,0.0,0.0,0.0,0.0,0.0,0.0,0.0,0.0,0.0,0.0,0.0,0.0,0.0,0.0,"['Tampa Bay Buccaneers', 'Tampa Bay Buccaneers', 'New York Giants', 'Carolina Panthers', 'Las Vegas Raiders', 'Los Angeles Chargers', 'Tampa Bay Buccaneers', 'Carolina Panthers']",8,HOU,AWAY,2.0,0.05975609484458008,1.7136114607240687,1.147023572963906,1.5121468821136697,1.104980059310768,1.7604219623792576,0.03910944206008583,11.196387492544943,9.957264957264957,0.0,0.0,0.0,0.0,2.624338353185789,0.0,0.0,0.0,0.0,0.0,0.0,0.0,0.0,0.0,0.0,0.0,0.0,0.0,0.0,0.0,0.0,0.0,0.0,0.0,0.0,0.0,0.0,0.0,0.0,0.0,0.0,0.0,0.0,0.055013592080886325,0.0,0.9603744635346213,1.07488741531829,0.6674857431657385,0.0,0.0,1.036197074889841,0.7263207183635523,0.5633823824075908,0.5749351024562149,0.675349185680757,0.3255012531328321,1.4055998952272093
TEN,0.6580645161290323,8.61111111111111,7.012903225806451,0.05161290322580645,0.04516129032258064,0.4444444444444444,1.3271604938271606,38.51162790697674,0.1255813953488372,0.3161290322580645,55.35714285714286,1.4645161290322581,0.0,0.03354037267080746,0.0,0.0,0.0,0.0,0.0,0.0,0.0,0.0,0.0,0.0,0.0,0.0,0.0,0.0,"['New England Patriots', 'Tennessee Titans', 'Tennessee Titans', 'Houston Texans', 'Tennessee Titans', 'Tennessee Titans', 'Tennessee Titans', 'Tennessee Titans', 'Tennessee Titans']",9,LAR,HOME,2.0,0.05428334169822513,0.464759013844673,0.9775919569322072,1.1013198797329666,2.1125317693059626,0.3294356888662938,0.15099492781896218,8.409755672282644,3.4387298747763864,4.1882833140850195,894.9239121142175,3.01830545181594,0.0,2.5110516975668995,0.0,0.0,0.0,0.0,0.0,0.0,0.0,0.0,0.0,0.0,0.0,0.0,0.0,0.0,0.0,0.0,0.0,0.0,0.0,0.0,0.0,0.0,0.0,0.0,0.0,0.0,0.0,0.0,0.05670170796881032,0.0,1.041259023774553,1.239683011148666,1.4296099628640075,0.0,0.0,0.9588416380297827,1.1035446838398228,2.1534063469021802,1.9477187089401857,1.8769350598047572,2.9551394357932663,0.957747615845967
Tampa Bay Buccaneers,0.0,0.0,0.0,0.0,0.0,0.0,0.0,0.0,0.0,0.0,0.0,0.0,0.0,0.0,0.7157894736842105,0.0,6.389473684210526,0.04912280701754386,0.007017543859649123,0.0,0.0,3.758241758241758,0.01098901098901099,0.06315789473684211,0.056140350877192984,0.6140350877192983,0.0,0.02127659574468085,[],0,0.0,BYE,0.0,0.0,0.0,0.0,0.0,0.0,0.0,0.0,0.0,0.0,0.0,0.0,0.0,0.0,0.0,0.059045038338420314,0.0,0.8906864791358805,1.0481860258862006,0.32826308194729237,0.0,0.0,0.8206844701690064,0.3009063585986664,0.836756924188844,0.9075855407519396,1.2655001990958705,0.0,1.5929051351783714,0.0,0.0,0.0,0.0,0.0,0.0,0.0,0.0,0.0,0.0,0.0,0.0,0.0,0.0,0.0,0.0,0.0,0.0,0.0,0.0,0.0,0.0,0.0,0.0,0.0,0.0,0.0,0.0
Tennessee Titans,0.0,0.0,0.0,0.0,0.0,0.0,0.0,0.0,0.0,0.0,0.0,0.0,0.0,0.0,0.6949720670391062,0.0,7.597765363128492,0.05810055865921788,0.03128491620111731,0.0,0.0,4.297916666666667,0.042708333333333334,0.16424581005586594,0.12402234636871509,0.9195530726256983,0.00670391061452514,0.012938005390835582,[],0,0.0,BYE,0.0,0.0,0.0,0.0,0.0,0.0,0.0,0.0,0.0,0.0,0.0,0.0,0.0,0.0,0.0,0.05732782312548893,0.0,1.0591211757094214,1.2397539428278925,1.4634298290164205,0.0,0.0,0.9385328803498908,1.1694600249287752,2.176035464859815,2.0049908227435482,1.895159771421752,3.1771831814172304,0.9686237156232902,0.0,0.0,0.0,0.0,0.0,0.0,0.0,0.0,0.0,0.0,0.0,0.0,0.0,0.0,0.0,0.0,0.0,0.0,0.0,0.0,0.0,0.0,0.0,0.0,0.0,0.0,0.0,0.0
WAS,0.6572327044025157,19.875,6.933962264150943,0.06289308176100629,0.0220125786163522,1.8125,1.265625,39.901234567901234,0.19753086419753085,0.03773584905660377,132.5,0.23270440251572327,0.0,0.011825572801182557,0.0,0.0,0.0,0.0,0.0,0.0,0.0,0.0,0.0,0.0,0.0,0.0,0.0,0.0,"['New York Giants', 'Washington Commanders', 'Washington Commanders', 'Washington Commanders', 'Tennessee Titans', 'New Orleans Saints', 'Philadelphia Eagles', 'Atlanta Falcons']",8,GNB,AWAY,2.0,0.054214726054815726,1.0726937884060115,0.9665876628899143,1.3420171490456747,1.0296931579950448,1.3434799186578545,0.14399385485758875,8.71320304997281,5.408884668143927,0.49994910564742245,2142.0436864153203,0.4795938759915888,0.0,0.8853397351471808,0.0,0.0,0.0,0.0,0.0,0.0,0.0,0.0,0.0,0.0,0.0,0.0,0.0,0.0,0.0,0.0,0.0,0.0,0.0,0.0,0.0,0.0,0.0,0.0,0.0,0.0,0.0,0.0,0.0516733509244012,0.0,0.9701059647892707,1.1934969471189862,1.1084929676273967,0.0,0.0,1.0141874507575304,1.1067534485633927,1.3690751378195247,1.3173735815802643,1.317870239629581,0.5870236286713059,0.7951357041335326
Washington Commanders,0.0,0.0,0.0,0.0,0.0,0.0,0.0,0.0,0.0,0.0,0.0,0.0,0.0,0.0,0.594488188976378,0.0,6.803149606299213,0.04330708661417323,0.01968503937007874,0.0,0.0,4.222222222222222,0.046296296296296294,0.03543307086614173,0.027559055118110236,0.33070866141732286,0.0,0.0055248618784530384,[],0,0.0,BYE,0.0,0.0,0.0,0.0,0.0,0.0,0.0,0.0,0.0,0.0,0.0,0.0,0.0,0.0,0.0,0.04903896913875865,0.0,0.9483525043452772,0.924089761291687,0.9208167160923064,0.0,0.0,0.9220035405602418,1.2677073440962332,0.46944040038153645,0.44552981146656484,0.6815764851823429,0.0,0.4136273002949362,0.0,0.0,0.0,0.0,0.0,0.0,0.0,0.0,0.0,0.0,0.0,0.0,0.0,0.0,0.0,0.0,0.0,0.0,0.0,0.0,0.0,0.0,0.0,0.0,0.0,0.0,0.0,0.0
