,name,pass_cmp,pass_att,pass_yd,pass_td,pass_int,sacks,rush_att,rush_yd,rush_td,tar,rec,rec_yd,rec_td,fum,g,team,week
0,Aaron Rodgers,20.579698746029262,29.921079783371233,223.31872256893573,2.5609773999694907,0.9970077142239545,0.7595823765476322,1.5549715027463273,4.449502757848709,0.0,0.0,0.0,0.0,0.0,0.14573391002606761,9,PIT,11
1,Alvin Kamara,0.0,0.0,0.0,0.0,0.0,0.0,11.74899937898167,38.53982769924502,0.03796142226291947,4.220702649944402,3.7033214613722225,18.569203624223956,0.013020767836181377,0.054230603232742106,8,NO,11
2,Anthony Richardson,1.9074318375591337,3.800940743725174,22.82655814932432,0.0696146569654627,0.1670751767171105,0.1670751767171105,2.1274047808072325,6.824677679623464,0.11834491684128662,0.6404450807877121,0.6404450807877121,5.276703128331169,0.0,0.0,4,IND,11
3,Ashton Jeanty,0.0,0.0,0.0,0.0,0.0,0.0,14.49212947873019,59.00577052777558,0.37944350417595807,2.8846355407103195,2.0516114225784525,15.533566386242532,0.22426956286069882,0.11213478143034941,7,LV,11
4,Baker Mayfield,23.86969482821542,36.832860366027596,266.24592207719917,1.7546656459244248,0.44486687317725987,2.2665288028963833,2.3539514658448435,14.171135357368536,0.0,0.0,0.0,0.0,0.0,0.7745237828414563,10,TB,11
5,Bijan Robinson,0.0,0.0,0.0,0.0,0.0,0.0,16.338606320115787,89.75230542415136,0.4812369747079283,6.921082982512894,5.232594127803909,59.24313929712751,0.40653979238964516,0.15472071179238098,9,ATL,11
6,Bo Nix,23.605558387324347,39.03992095867419,235.1539977796142,1.6119471392535483,0.2932176079826071,1.419561260142964,5.0835337417500766,29.731552317710175,0.7233323485259627,0.0,0.0,0.0,0.0,0.3882628577418069,10,DEN,11
7,Breece Hall,0.0,0.0,0.0,0.0,0.0,0.0,14.24212331383647,59.54350295124862,0.01245798946769258,3.2206829953048817,2.364225384621302,19.13860106832879,0.0,0.15127309038741857,10,NYJ,11
8,Brian Robinson Jr.,0.0,0.0,0.0,0.0,0.0,0.0,5.620867416404485,21.7823407203792,0.0,0.914455540963304,0.8603377441502952,2.627678480507325,0.0,0.0355942556219788,10,SF,11
9,Bryce Young,17.661220115887925,28.26294874522826,173.7265719920367,1.6563530418940942,0.5168214921688961,1.6059015969467019,2.4362977218621134,8.34936150624681,0.10437893156851707,0.0,0.0,0.0,0.0,0.6239659375579193,10,CAR,11
10,Caleb Williams,17.53789498363883,29.367508454173777,214.3085822709039,0.9504082882624378,0.5796009159500126,1.8634904975746216,4.8050118260263455,7.4312966172752235,0.29741614291034213,0.0,0.0,0.0,0.0,1.0635932653535118,9,CHI,11
11,Cam Skattebo,0.0,0.0,0.0,0.0,0.0,0.0,16.25139244917728,67.4192238900046,0.8199798680471123,4.634569093496542,3.281671128628402,28.322652631620244,0.32692356102142694,0.16019254490049917,7,NYG,11
12,Cam Ward,21.919380649852116,34.84752840884014,219.84459950065693,0.6892104436385416,0.9065917270685189,4.371832396751818,1.4804994999704135,2.8873104292865968,0.0,0.0,0.0,0.0,0.0,0.8780248193829057,7,TEN,11
13,Chase Brown,0.0,0.0,0.0,0.0,0.0,0.0,11.084408923570336,59.492466083763524,0.04877865846971177,4.022653726606393,3.0916082976694654,9.116820748707966,0.01245798946769258,0.22539690467725365,10,CIN,11
14,Christian McCaffrey,0.0,0.0,0.0,0.0,0.0,0.0,20.06195463020205,78.9140616035143,0.8826936147578528,9.068035735360608,7.305519221634232,72.60737461092009,0.32727336923171985,0.11213478143034941,7,SF,11
15,Cooper Rush,11.218899184538023,17.567981313717603,102.8586728658315,0.13875812416588496,1.240925076509404,0.35630205310922164,0.8615395075372504,-0.28510046563794617,0.0,0.0,0.0,0.0,0.0,0.41495506516932923,7,BAL,11
16,D'Andre Swift,0.0,0.0,0.0,0.0,0.0,0.0,15.646139849820255,89.51295842664638,0.5496449100623014,2.85028212957466,2.143250980708696,31.384888704773527,0.2546218487850404,0.061134705893288184,9,CHI,11
17,Dak Prescott,24.27518234978925,34.02414657421704,266.5418849562527,2.832871117905309,0.2119347369033604,0.9210777100573784,3.5290937450041993,7.818748673916306,0.11213478143034941,0.0,0.0,0.0,0.0,0.610716096637297,7,DAL,11
18,Daniel Jones,21.97177668897702,31.272756250042907,251.73096152469302,1.715962598636925,0.4531160555756976,0.8734478895286055,3.964066850637452,10.302902525451817,0.3607169956770897,0.0,0.0,0.0,0.0,0.2723273263308486,7,IND,11
19,David Montgomery,0.15810671496426273,0.15810671496426273,0.4743201448927882,0.15810671496426273,0.0,0.0,10.949011667939024,39.59241545658125,0.3672818988619823,2.024146836426914,1.5908053707187406,17.42472287443008,0.0,0.0,8,DET,11
20,De'Von Achane,0.0,0.0,0.0,0.0,0.0,0.0,13.52236806481791,77.31200629910288,0.5558971207605212,5.704821873625296,4.0918688396351275,24.10572594743268,0.2394804293923223,0.11834915273888556,10,MIA,11
21,Derrick Henry,0.0,0.10722699605874514,0.0,0.0,0.0,0.0,16.93200497654556,78.545914860746,0.4679189160459856,1.5884215176745837,0.903794341672683,7.742588816253697,0.0,0.23482712136865183,9,BAL,11
22,Drake Maye,20.26776201817569,26.150924877947865,240.09205901244638,1.839355107293207,0.14069960057053627,2.9957401753985002,6.678374846158393,35.03717468370357,0.17023582274177015,0.03632066900201919,0.03632066900201919,0.07264133800403838,0.0,0.4000256115221085,10,NE,11
23,Drew Lock,8.28324174088813,12.79319057545322,108.27364032594274,1.01831848904049,0.3033289116290821,0.4549933674436231,1.866654033225949,-0.48000758006443056,0.2166635083064872,0.0,0.0,0.0,0.0,0.15166445581454105,3,SEA,11
24,Geno Smith,16.72140989692654,24.781837943270297,160.5878971996868,0.739970236686048,1.0763570095279298,2.1668251702506005,2.9460936076395283,6.6125091616965,0.0,0.0,0.0,0.0,0.0,0.35956952923021174,10,LV,11
25,Jahmyr Gibbs,0.0,0.0,0.0,0.0,0.0,0.0,15.872557920897238,89.67211294535967,0.9791462326886129,3.1141981391800213,2.7812568033046423,37.96362647340172,0.16373107985511115,0.0,10,DET,11
26,Jake Browning,19.73592127814735,30.82490363680744,184.7709749574538,1.5754632167442766,1.8897258746820116,2.2307744254331676,2.6599708222401377,13.391192496630069,0.12940227091553802,0.0,0.0,0.0,0.0,0.3772660959636678,5,CIN,11
27,Jalen Hurts,19.982120252669397,28.053724049788165,255.74687006043467,1.9535500942909616,0.22174208956644054,3.2505013955311486,6.039577932406794,14.392572222927798,0.4383592781762424,0.0,0.0,0.0,0.0,0.2507344265104944,9,PHI,11
28,Jameis Winston,16.0,25.000000000000004,146.0,0.0,3.0,5.0,2.0,-2.0,0.0,0.0,0.0,0.0,0.0,1.0,1,NYG,11
29,James Cook,0.0,0.0,0.0,0.0,0.0,0.0,17.350676721607808,86.05862015155827,0.5616347854078788,1.5862595682157687,1.2142475410731832,8.276084693208448,0.0257452017537047,0.10080409899482629,9,BUF,11
30,Jared Goff,21.0588448737361,28.672028745831387,235.40203621489084,1.9683635889923137,0.45093242490059704,2.3073818557233543,1.6397808886836351,4.158854438610116,0.0,0.0,0.0,0.0,0.0,0.5465754867723311,10,DET,11
31,Jaxson Dart,14.99369298612457,26.166457566206645,189.22843630255989,1.707823757212266,0.6732014810432584,2.585705688552515,7.265193783426324,33.07802337165142,0.6946215281673621,0.0,0.0,0.0,0.0,0.28322062308537077,6,NYG,11
32,Jayden Daniels,16.297697906764277,26.351816569261324,196.00491745542132,1.754392970685924,0.3379612202406864,2.4123850291230315,8.912030084503824,44.862870474522836,0.3764954044027818,0.0,0.0,0.0,0.0,0.918781918153252,8,WAS,11
33,Joe Flacco,27.08996081093605,43.29872302199181,259.2238157347164,1.8295400002708238,0.5635906939768893,1.8653426390496617,2.457297793395852,1.806674916347415,0.0,0.0,0.0,0.0,0.0,0.22383459429076177,7,CIN,11
34,Jonathan Taylor,0.0,0.0,0.0,0.0,0.0,0.0,18.664333601345927,100.72386548707028,1.9226972267888802,3.5609720714566775,3.272268240708904,24.990603101783655,0.051886670002884556,0.01245798946769258,10,IND,11
35,Jordan Love,20.23322912486764,29.435838428683002,227.70184881728272,1.3681368547129078,0.34195714291830925,1.3919459530701077,4.3383608817495976,20.873197952285842,0.0,0.0,0.0,0.0,0.0,0.8522557024333567,9,GB,11
36,Josh Allen,18.512965023982538,27.929834580225425,215.48144551406654,1.9313639998227974,1.0229875266149207,2.296634787643077,7.068878414468235,42.92947725798413,0.3310860211819709,0.0,0.0,0.0,0.0,0.9512878979788965,9,BUF,11
37,Josh Jacobs,0.0,0.0,0.0,0.0,0.0,0.0,16.83675408420729,69.88900970246993,1.6557967588207847,3.1073160951584513,2.757974918625376,29.890230470919143,0.0,0.13196974290595853,9,GB,11
38,Justin Herbert,28.75451285084152,41.968674191545674,294.29311257691495,2.0391776619823707,1.0848755337530913,2.6154635232994434,3.8675342644362667,25.639224805098728,0.0,0.0,0.0,0.0,0.0,0.10377334000576911,10,LAC,11
39,Kareem Hunt,0.0,0.0,0.0,0.0,0.0,0.0,6.891482946427126,28.29782127045287,0.4198915911770751,0.7865485221649116,0.7199727358842104,6.700986277117434,0.0,0.051886670002884556,10,KC,11
40,Kenny Pickett,3.1847436695106346,4.051629281347684,24.579187326383572,0.12280879501024866,0.050568327357161214,0.15170498207148364,1.2456175900204975,0.8741096586023581,0.07224046765308745,0.0,0.0,0.0,0.0,0.9277595323469126,3,LV,11
41,Kirk Cousins,5.863321547509995,8.438869245849991,40.94261474055493,0.14388692458499913,0.14388692458499913,0.4316607737549974,0.4316607737549974,0.0,0.0,0.0,0.0,0.0,0.0,0.14388692458499913,2,ATL,11
42,Kyren Williams,0.0,0.0,0.0,0.0,0.0,0.0,14.12786833240349,63.192308788800126,0.29564667995359145,3.8124387970493783,2.984836377084109,25.92677099876419,0.3766699950646722,0.25716425365861156,10,LAR,11
43,Mac Jones,24.059518811031484,35.85540170867516,258.4077379790012,0.7296580577477478,0.9792268617518172,2.4248015045598006,4.44986319989039,9.465583546327597,0.0,0.0,0.0,0.0,0.0,0.3729099641146158,8,SF,11
44,Mason Rudolph,3.8860177061036905,5.6259095910922605,38.98455925236345,0.2655004321111225,0.2819960210884408,0.29063656769560753,2.6926754749424986,2.510471541500437,0.0,0.0,0.0,0.0,0.0,0.07855042370151555,5,PIT,11
45,Matthew Stafford,22.011127456504692,33.957606797249724,241.50171138164566,2.837338904350376,0.14380761210370907,1.1361279011781136,2.5615227552097024,1.1242750945271043,0.0,0.0,0.0,0.0,0.0,0.6716892590706612,10,LAR,11
46,Patrick Mahomes,24.620168887594534,35.24153921941475,270.9495586381759,2.4306304308172066,0.20315976039030315,1.4053844348165532,5.818205576083744,31.875215779833734,0.47338197204248106,0.0,0.0,0.0,0.0,0.3643520434188396,10,KC,11
47,Rhamondre Stevenson,0.0,0.0,0.0,0.0,0.0,0.0,11.926121805974704,43.832751370678764,0.6290639012132114,1.8884293296100503,1.6105797774674486,10.53349408916777,0.0,0.31731784677807817,10,NE,11
48,Rico Dowdle,0.0,0.0,0.0,0.0,0.0,0.0,18.45277940728139,106.52307013804898,0.22539690467725365,2.7227351273046434,2.0103163604486505,23.23111885223332,0.2161044148391694,0.24152888314058285,10,CAR,11
49,Russell Wilson,8.823753684091958,14.754016612736502,97.82557576315848,0.3772405038437902,0.45065379244744797,1.2738181426826392,1.9863000688112427,12.654792522959552,0.04708179793776449,0.0,0.0,0.0,0.0,0.46254660362248945,8,NYG,11
50,Sam Darnold,19.137515038987935,29.397948233741527,260.47264701543753,1.8460566935169314,0.6016494807896786,1.3950449295850729,2.134370982473251,3.9103017078592672,0.0,0.0,0.0,0.0,0.0,0.4687295527115865,10,SEA,11
51,Saquon Barkley,0.0,0.0,0.0,0.0,0.0,0.0177971278109894,15.740278752905645,53.089462119652495,0.22969275789807553,2.5839755612061626,2.2396295352641493,15.397065098661358,0.15127309038741857,0.0,10,PHI,11
52,Spencer Rattler,20.832593777460403,31.082839743723543,212.9858107551529,1.142271720980976,1.068931656585806,2.454657785929009,3.69118039512159,20.580933351306268,0.0,0.25716425365861156,0.15127309038741857,0.0,0.0,0.5097200220138653,10,NO,11
53,Tank Bigsby,0.0,0.0,0.0,0.0,0.0,0.0,2.796451731006809,15.182324531980184,0.04441278245173241,0.9093616684658524,0.8148258886757361,-0.7260003237722714,0.0,0.0755017301679451,5,PHI,11
54,Tony Pollard,0.0,0.0,0.0,0.0,0.0,0.0,11.12824631523876,42.365876586328696,0.24405998961454453,3.6035341947337516,3.361656016452709,21.752094712070235,0.0,0.2052706458866871,9,TEN,11
55,Travis Etienne,0.0,0.0,0.0,0.0,0.0,0.0,12.099705045968653,55.43725886260931,0.18001497756102808,3.402958453138701,2.0564347152235003,13.497480750589549,0.051886670002884556,0.0,10,JAC,11
56,Trevor Lawrence,22.5557677652715,39.42471228274703,249.88817318056414,1.2602442315154965,0.387041207734096,4.582902747759838,4.147985219131959,18.76736348244208,0.32038508980099834,0.0,0.0,0.0,0.0,0.2151385878013704,7,JAC,11
57,Tua Tagovailoa,18.847639458064272,28.964820847785287,174.65777502618232,1.2316159480404205,1.8577326787016486,1.9590463226501413,1.8791517604942203,5.218825200671831,0.0,0.0,0.0,0.0,0.0,1.2033469993648362,9,MIA,11
58,Tyrod Taylor,12.294323078127608,22.572815619309257,127.16802195039692,0.5454312955515049,1.5028939816680615,2.8825695763564543,3.750169386705067,17.81144782409787,0.0,0.0,0.0,0.0,0.0,0.2163361576862584,4,NYJ,11
59,Zach Charbonnet,0.0,0.0,0.0,0.0,0.0,0.0,11.495087758756377,36.95901167379874,0.9973084000155372,1.6304272094980814,1.4266774406822862,8.519642833583806,0.0,0.0,9,SEA,11
