team,name,pos,est_return_date,status,comment,scraped_date
ARI,Zay Jones,WR,Nov 9,Questionable,"Nov 5: Jones (knee) practiced in a limited capacity Wednesday, Zach Gershman of the Cardinals' official site reports.",2025-11-05 19:42:49
ARI,Trey Benson,RB,Nov 9,Injured Reserve,"Nov 5: Cardinals coach Jonathan Gannon said Wednesday that Benson (knee) is ""doing well"" but isn't ready to practice, Theo Mackie of The Arizona Republic reports.",2025-11-05 19:42:49
ARI,Kyler Murray,QB,Dec 7,Injured Reserve,"Nov 4: Arizona head coach Jonathan Gannon announced that Jacoby Brissett will start Sunday's game in Seattle instead of Murray (foot), Darren Urban of the Cardinals' official site reports.",2025-11-05 19:42:49
ARI,Mack Wilson Sr.,LB,Nov 9,Questionable,Nov 3: Wilson (ribs) is questionable to return to Monday's game against the Cowboys.,2025-11-05 19:42:49
ARI,Max Melton,CB,Nov 9,Questionable,Nov 3: Melton (concussion) has been ruled out for the remainder of Monday's matchup against Dallas.,2025-11-05 19:42:49
ARI,BJ Ojulari,LB,Nov 9,Out,Nov 1: Ojulari (knee) has been ruled out ahead of Monday's game against the Cowboys.,2025-11-05 19:42:49
ARI,Travis Vokolek,TE,Feb 9,Injured Reserve,"Oct 15: The Cardinals placed Vokolek on injured reserve Wednesday due to a season-ending neck injury, Darren Urban of the team's official site reports.",2025-11-05 19:42:49
ARI,Blake Gillikin,P,Nov 16,Injured Reserve,"Oct 11: The Cardinals placed Gillikin on injured reserve Saturday due to a back injury, Zach Gershman of the team's official site reports.",2025-11-05 19:42:49
ARI,Tip Reiman,TE,Feb 9,Injured Reserve,Oct 8: Reiman (ankle) was placed on injured reserve Wednesday.,2025-11-05 19:42:49
ARI,James Conner,RB,Feb 9,Injured Reserve,Sep 23: The Cardinals placed Conner (foot) on injured reserve Tuesday.,2025-11-05 19:42:49
ARI,L.J. Collier,DE,Nov 9,Injured Reserve,Sep 17: Collier (knee) was placed on injured reserve Wednesday.,2025-11-05 19:42:49
ARI,Joey Blount,S,Feb 9,Injured Reserve,"Sep 10: Head coach Jonathan Gannon told reporters Wednesday that Blount (neck/concussion) will be placed on injured reserve and miss the remainder of the season, Josh Weinfuss of ESPN.com reports.",2025-11-05 19:42:49
ARI,Justin Jones,DT,Nov 9,Injured Reserve,"Aug 28: The Cardinals placed Jones on injured reserve Thursday due to a knee injury, Darren Urban of the team's official site reports.",2025-11-05 19:42:49
ARI,Christian Jones,OT,Nov 9,Injured Reserve,Aug 27: Jones (knee) was placed on injured reserve Tuesday.,2025-11-05 19:42:49
ARI,Hayden Conner,G,Nov 9,Injured Reserve,Aug 27: Conner (knee) was placed on injured reserve Tuesday.,2025-11-05 19:42:49
ARI,J.J. Russell,LB,Feb 9,Injured Reserve,"Aug 27: Russell was placed on injured reserve by the Cardinals on Tuesday, Darren Urban of the team's official website reports.",2025-11-05 19:42:49
ARI,Valentin Senn,OT,Feb 9,Injured Reserve,"Aug 3: Senn (undisclosed) was placed on injured reserve by the Cardinals on Sunday, Aaron Wilson of KPRC 2 Houston reports.",2025-11-05 19:42:49
ARI,Starling Thomas V,CB,Feb 9,Injured Reserve,Jul 27: The Cardinals placed Thomas (knee) on injured reserve Sunday.,2025-11-05 19:42:49
ARI,Sean Murphy-Bunting,CB,Feb 9,Out,"May 28: Coach Jonathan Gannon said Wednesday that Murphy-Bunting underwent surgery on his knee to address the injury that landed him on Arizona's NFI list, Josh Weinfuss of ESPN.com reports.",2025-11-05 19:42:49
ATL,Tyrone Wheatley Jr.,OT,Feb 9,Injured Reserve,,2025-11-05 19:42:49
ATL,Mike Hughes,CB,Nov 9,Questionable,,2025-11-05 19:42:49
ATL,JD Bertrand,LB,Nov 9,Questionable,,2025-11-05 19:42:49
ATL,Chris Lindstrom,G,Nov 9,Questionable,"Nov 5: Head coach Raheem Morris told reporters Wednesday that Lindstrom (foot) is considered day-to-day, Tori McElhaney of the Falcons' official site reports.",2025-11-05 19:42:49
ATL,Matthew Bergeron,G,Nov 9,Doubtful,"Nov 5: Head coach Raheem Morris told reporters Wednesday that Bergeron (ankle) is considered week-to-week and likely won't play in the Week 10 matchup against the Colts, Tori McElhaney of the Falcons' official site reports.",2025-11-05 19:42:49
ATL,LaCale London,DE,Nov 9,Questionable,"Nov 4: London recorded five tackles (four solo), including 2.0 sacks and two tackles for loss in Sunday's 24-23 loss to the Patriots.",2025-11-05 19:42:49
ATL,Leonard Floyd,DE,Nov 9,Questionable,"Nov 2: Floyd (hamstring) is questionable to return to Sunday's game against the Patriots, Tori McElhaney of the Falcons' official site reports.",2025-11-05 19:42:49
ATL,Storm Norton,OT,Nov 9,Injured Reserve,"Oct 31: Norton (foot) has been ruled out for Sunday's Week 9 matchup versus the Patriots, Marc Raimondi of ESPN.com reports.",2025-11-05 19:42:49
ATL,Divine Deablo,LB,Nov 23,Injured Reserve,"Oct 25: The Falcons placed Deablo (forearm) on injured reserve Saturday, Terrin Waack of the team's official site reports.",2025-11-05 19:42:49
ATL,Clark Phillips III,CB,Nov 16,Injured Reserve,"Oct 18: The Falcons placed Phillips (triceps/illness) on injured reserve Saturday, Terrin Waack of the team's official site reports.",2025-11-05 19:42:49
ATL,Bralen Trice,LB,Nov 9,Injured Reserve,"Aug 28: The Falcons placed Trice (knee) on injured reserve Thursday, Tori McElhaney of the team's official site reports.",2025-11-05 19:42:49
ATL,Malik Verdon,S,Nov 9,Out,"Aug 27: The Falcons moved Verdon to the reserve/non-football injury list Tuesday, Terrin Waack, Will McFadden and Tori McElhaney of the team's official site report.",2025-11-05 19:42:49
ATL,Troy Andersen,LB,Nov 9,Out,"Aug 26: The Falcons placed Anderson on the reserve/PUP list Tuesday, Terrin Waack, Will McFadden and Tori McElhaney of the team's official site report.",2025-11-05 19:42:49
ATL,Kaleb McGary,OT,Feb 9,Injured Reserve,"Aug 26: The Falcons placed McGary on season-ending IR on Tuesday, Mike Garafolo of NFL Network reports.",2025-11-05 19:42:49
ATL,Emory Jones,QB,Feb 9,Injured Reserve,"Aug 19: Jones (concussion) reverted to injured reserve after clearing waivers Tuesday, Aaron Wilson of KPRC 2 Houston reports.",2025-11-05 19:42:49
BAL,Broderick Washington Jr.,DT,Nov 23,Injured Reserve,"Nov 3: Head coach John Harbaugh told reporters Monday that Washington successfully underwent Achilles tendon surgery, Jonas Shaffer of TheBaltimoreBanner.com reports.",2025-11-05 19:42:49
BAL,Tavius Robinson,LB,Nov 27,Injured Reserve,"Oct 22: The Ravens placed Robinson (foot) on injured reserve Wednesday, Ryan Mink of the team's official site reports.",2025-11-05 19:42:49
BAL,Nnamdi Madubuike,DT,Feb 9,Injured Reserve,"Sep 29: Head coach Jon Harbaugh told reporters Monday that Madubuike (neck) won't return this season, Jamison Hensley of ESPN.com reports.",2025-11-05 19:42:49
BAL,Ar'Darius Washington,S,Dec 7,Out,"Aug 27: The Ravens placed Washington (Achilles) on the reserve/PUP list Tuesday, Jamison Hensley of ESPN.com reports.",2025-11-05 19:42:49
BAL,Adisa Isaac,LB,Nov 9,Injured Reserve,"Aug 27: Baltimore placed Isaac (elbow) on its injured reserve list Tuesday, Jamison Hensley of ESPN.com reports.",2025-11-05 19:42:49
BAL,Dayton Wade,WR,Feb 9,Injured Reserve,"Aug 26: The Ravens placed Wade (ribs) on injured reserve Tuesday, Jamison Hensley of ESPN.com reports.",2025-11-05 19:42:49
BAL,Robert Longerbeam,CB,Feb 9,Injured Reserve,"Aug 10: The Ravens placed Longerbeam (knee) on injured reserve Sunday, Jamison Hensley of ESPN.com reports.",2025-11-05 19:42:49
BAL,Bilhal Kone,CB,Feb 9,Injured Reserve,Aug 9: The Ravens placed Kone (knee) on injured reserve Saturday.,2025-11-05 19:42:49
BUF,AJ Epenesa,DE,Nov 9,Questionable,Nov 5: Epenesa (concussion) did not participate at practice Wednesday.,2025-11-05 19:42:49
BUF,Terrel Bernard,LB,Nov 9,Questionable,Nov 5: Bernard (ankle) was limited in practice Wednesday.,2025-11-05 19:42:49
BUF,Christian Benford,CB,Nov 9,Questionable,Nov 5: Benford (groin) was limited in practice Wednesday.,2025-11-05 19:42:49
BUF,DaQuan Jones,DT,Nov 9,Questionable,"Nov 5: Head coach Sean McDermott told reporters that Jones (calf) won't practice Wednesday, Maddy Glab of the Bills' official site reports.",2025-11-05 19:42:49
BUF,Shaq Thompson,LB,Nov 9,Questionable,"Nov 5: Head coach Sean McDermott told reporters that Thompson (hamstring) won't practice Wednesday, Maddy Glab of the Bills' official site reports.",2025-11-05 19:42:49
BUF,Taron Johnson,CB,Nov 9,Questionable,"Nov 5: Head coach Sean McDermott told reporters that Johnson (groin) won't practice Wednesday, Maddy Glab of the Bills' official site reports.",2025-11-05 19:42:49
BUF,Joey Bosa,DE,Nov 9,Questionable,"Nov 5: Head coach Sean McDermott told reporters that Bosa (wrist) won't practice Wednesday, Maddy Glab of the Bills' official site reports.",2025-11-05 19:42:49
BUF,Joshua Palmer,WR,Nov 9,Questionable,"Nov 5: Palmer (knee/ankle) will be limited at practice Wednesday, Maddy Glab of the Bills' official site reports.",2025-11-05 19:42:49
BUF,James Cook III,RB,Nov 9,Questionable,"Nov 5: Cook (ankle/foot) won't practice Wednesday, Maddy Glab of the Bills' official site reports.",2025-11-05 19:42:49
BUF,Dorian Strong,CB,Nov 20,Injured Reserve,"Nov 3: Head coach Sean McDermott was unable to provide a timeline on Strong's (neck) return Monday, Matt Parrino of The Syracuse Post-Standard reports.",2025-11-05 19:42:49
BUF,Michael Hoecht,DE,Feb 9,Injured Reserve,"Nov 3: The Bills placed Hoecht on injured reserve Monday due to a torn right Achilles which will sideline him for the rest of the 2025, season, Alaina Getzenberg of ESPN.com reports.",2025-11-05 19:42:49
BUF,Ed Oliver,DT,Jan 4,Injured Reserve,"Nov 2: Oliver (biceps) has a chance to return for the first week of the playoffs, Ian Rapoport of NFL Network reports.",2025-11-05 19:42:49
BUF,Taylor Rapp,S,Jan 4,Injured Reserve,"Oct 31: Rapp underwent surgery on his injured knee this week and is likely going to miss the remainder of the season, Alaina Getzenberg of ESPN.com reports.",2025-11-05 19:42:49
BUF,T.J. Sanders,DT,Nov 16,Injured Reserve,"Oct 11: The Bills placed Sanders (knee) on injured reserve Saturday, Alaina Getzenberg of ESPN reports.",2025-11-05 19:42:49
BUF,Damar Hamlin,S,Nov 16,Injured Reserve,"Oct 11: The Bills placed on Hamlin (pectoral) on injured reserve Saturday, Alaina Getzenberg of ESPN.com reports.",2025-11-05 19:42:49
BUF,Tyler Bass,PK,Nov 9,Injured Reserve,"Oct 9: Bills coach Sean McDermott said Thursday that Bass (left hip/groin) is among players on IR who will not have their practice windows opened yet, Joe Buscaglia of The Athletic reports.",2025-11-05 19:42:49
BUF,Cameron Johnston,P,Nov 9,Injured Reserve,Sep 30: The Bills placed Johnston (foot/ankle) on injured reserve Tuesday.,2025-11-05 19:42:49
BUF,DeWayne Carter,DT,Feb 9,Injured Reserve,Sep 4: The Bills placed Carter (Achilles) on injured reserve Thursday.,2025-11-05 19:42:49
BUF,Wande Owens,S,Feb 9,Injured Reserve,"Aug 27: Owens (undisclosed) reverted to the Bills' injured reserve list Wednesday, Alaina Getzenberg of ESPN.com reports.",2025-11-05 19:42:49
BUF,Tylan Grable,OT,Nov 9,Injured Reserve,Aug 27: Grable (concussion) was placed on injured reserve with a designation to return Tuesday.,2025-11-05 19:42:49
CAR,Lathan Ransom,S,Nov 9,Questionable,"Nov 5: Ransom (illness) was a limited participant in Wednesday's practice, Darin Gantt of the Panthers' official site reports.",2025-11-05 19:42:49
CAR,Rico Dowdle,RB,Nov 9,Questionable,,2025-11-05 19:42:49
CAR,Chandler Zavala,G,Nov 9,Questionable,"Nov 5: Zavala (elbow) didn't practice Wednesday, Mike Kaye of The Charlotte Observer reports.",2025-11-05 19:42:49
CAR,Brady Christensen,G,Feb 9,Injured Reserve,"Oct 30: Carolina placed Christensen (Achilles) on injured reserve Thursday, Darin Gantt of the team's official site reports.",2025-11-05 19:42:49
CAR,Patrick Jones II,LB,Feb 9,Injured Reserve,"Oct 18: Jones (back) was placed on injured reserve Saturday, Joe Person of The Athletic reports.",2025-11-05 19:42:49
CAR,David Moore,WR,Dec 14,Injured Reserve,"Oct 1: Moore suffered a dislocated elbow in last Sunday's loss to the Patriots, Joe Person of The Athletic reports.",2025-11-05 19:42:49
CAR,Robert Hunt,G,Dec 14,Injured Reserve,"Sep 22: Head coach Dave Canales told reporters Monday that Hunt could miss the rest of the season after undergoing successful surgery to repair a torn biceps, Joe Person of The Athletic reports.",2025-11-05 19:42:49
CAR,Damarri Mathis,CB,Feb 9,Injured Reserve,Sep 6: The Panthers placed Mathis (knee) on injured reserve Saturday.,2025-11-05 19:42:49
CAR,Popo Aumavae,DT,Feb 9,Injured Reserve,"May 9: Aumavae (Achilles) cleared waivers and reverted to injured reserve Friday, Aaron Wilson of KPRC 2 Houston reports.",2025-11-05 19:42:49
CAR,Jonathon Brooks,RB,Feb 9,Out,"May 8: The Panthers are placing Brooks on the physically unable to perform list, ruling him out for the entire 2025 season.",2025-11-05 19:42:49
CHI,D'Andre Swift,RB,Nov 9,Questionable,"Nov 5: Swift (groin) returned to practice Wednesday and said afterward that he'll play this Sunday against the Giants, Patrick Finley of the Chicago Sun-Times reports.",2025-11-05 19:42:49
CHI,Cole Kmet,TE,Nov 9,Questionable,Nov 5: Kmet (concussion) practiced in a limited capacity Wednesday.,2025-11-05 19:42:49
CHI,Luther Burden III,WR,Nov 9,Questionable,Nov 5: Burden (concussion) was a full participant in Wednesday's practice.,2025-11-05 19:42:49
CHI,DJ Moore,WR,Nov 9,Questionable,Nov 5: Moore (hip/groin) did not practice Wednesday.,2025-11-05 19:42:49
CHI,Kyle Monangai,RB,Nov 9,Questionable,Nov 5: Mongai was limited at practice Wednesday due to an ankle injury.,2025-11-05 19:42:49
CHI,Rome Odunze,WR,Nov 9,Questionable,Nov 5: Odunze (ankle/heel) did not practice Wednesday.,2025-11-05 19:42:49
CHI,T.J. Edwards,LB,Nov 9,Questionable,,2025-11-05 19:42:49
CHI,Kevin Byard III,S,Nov 9,Questionable,,2025-11-05 19:42:49
CHI,Dayo Odeyingbo,DE,Feb 9,Injured Reserve,Nov 4: The Bears placed Odeyingbo (Achilles) on injured reserve Tuesday.,2025-11-05 19:42:49
CHI,Dominique Robinson,DE,Nov 9,Questionable,,2025-11-05 19:42:49
CHI,Roschon Johnson,RB,Nov 9,Questionable,,2025-11-05 19:42:49
CHI,Josh Blackwell,CB,Nov 9,Questionable,Nov 2: Blackwell was diagnosed with a concussion and ruled out for the rest of Sunday's game against the Bengals.,2025-11-05 19:42:49
CHI,Amen Ogbongbemiga,LB,Nov 9,Injured Reserve,Nov 1: Ogbongbemiga (knee) has been downgraded and ruled out ahead of Sunday's matchup against the Bengals.,2025-11-05 19:42:49
CHI,Shemar Turner,DT,Feb 9,Injured Reserve,Oct 28: The Bears placed Turner (knee) on injured reserve Tuesday.,2025-11-05 19:42:49
CHI,Braxton Jones,OT,Nov 23,Injured Reserve,Oct 25: Jones (knee) was placed on the injured reserve list Saturday.,2025-11-05 19:42:49
CHI,Kyler Gordon,CB,Nov 23,Injured Reserve,Oct 25: Gordon (groin/calf) was placed on the injured reserve list Saturday.,2025-11-05 19:42:49
CHI,Jaylon Johnson,CB,Nov 9,Injured Reserve,"Sep 22: Johnson (groin) will undergo core-muscle surgery this week, Scott Bair of Marquee Sports Network reports.",2025-11-05 19:42:49
CHI,Kiran Amegadjie,OT,Nov 9,Injured Reserve,Sep 20: The Bears placed Amegadjie (elbow) on injured reserve Saturday.,2025-11-05 19:42:49
CHI,Zah Frazier,CB,Feb 9,Out,"Aug 27: Bears general manager Ryan Poles said Tuesday that Frazier will remain on the reserve/non-football injury list the entire 2025 campaign for a ""personal"" reason, Courtney Cronin of ESPN reports.",2025-11-05 19:42:49
CHI,Terell Smith,CB,Feb 9,Injured Reserve,Aug 24: The Bears placed Smith (knee) on injured reserve Sunday.,2025-11-05 19:42:49
CHI,Deion Hankins,RB,Feb 9,Injured Reserve,"Aug 20: Hankins (shoulder/quadriceps) was placed on injured reserve Wednesday, Adam Hoge of AllCHGO.com reports.",2025-11-05 19:42:49
CIN,Marco Wilson,CB,Nov 16,Out,,2025-11-05 19:42:49
CIN,Dalton Risner,G,Nov 16,Out,,2025-11-05 19:42:49
CIN,Trey Hendrickson,DE,Nov 16,Out,,2025-11-05 19:42:49
CIN,Shemar Stewart,DE,Nov 16,Questionable,"Nov 3: Head coach Zac Taylor said Monday that Stewart is considered ""week-to-week"" due to a knee injury he sustained during the Bengals' 47-42 loss to the Bears, Ben Baby of ESPN.com reports.",2025-11-05 19:42:49
CIN,Samaje Perine,RB,Nov 16,Questionable,"Nov 3: Bengals head coach Zac Taylor said that Perine sustained a high-ankle sprain in Sunday's 47-42 loss to the Bears and will need a couple of weeks to recover, Jay Morrison of SI.com reports.",2025-11-05 19:42:49
CIN,Matt Lee,C,Dec 7,Injured Reserve,Oct 28: The Bengals placed Lee (knee) on injured reserve Tuesday.,2025-11-05 19:42:49
CIN,Shaka Heyward,LB,Dec 7,Injured Reserve,Oct 28: The Bengals placed Heyward (fibula) on injured reserve Tuesday.,2025-11-05 19:42:49
CIN,Mike Gesicki,TE,Nov 23,Injured Reserve,Oct 15: The Bengals placed Gesicki (pectoral) on injured reserve Wednesday.,2025-11-05 19:42:49
CIN,Joe Burrow,QB,Dec 14,Injured Reserve,"Sep 21: Burrow, who underwent surgery Friday to address a Grade 3 turf toe injury, is facing a three-month absence, Ian Rapoport of NFL Network reports.",2025-11-05 19:42:49
CIN,Cordell Volson,G,Feb 9,Injured Reserve,Aug 27: Volson (shoulder) reverted to the Bengals' injured reserve list Wednesday.,2025-11-05 19:42:49
CIN,Daijahn Anthony,S,Nov 16,Injured Reserve,"Aug 27: Anthony (hamstring) was placed on injured reserve by the Bengals on Tuesday, but he was designated to return.",2025-11-05 19:42:49
CIN,Erick All Jr.,TE,Feb 9,Out,Aug 26: The Bengals placed All (knee) on the reserve/PUP list Tuesday.,2025-11-05 19:42:49
CLE,Myles Harden,CB,Nov 9,Questionable,"Nov 5: Harden was a limited participant in Wednesday's practice due to an ankle injury, Mary Kay Cabot of The Cleveland Plain Dealer reports.",2025-11-05 19:42:49
CLE,Isaiah McGuire,DE,Nov 9,Questionable,"Nov 5: McGuire did not participate in Wednesday's practice due to an illness, Mary Kay Cabot of The Cleveland Plain Dealer reports.",2025-11-05 19:42:49
CLE,Cedric Tillman,WR,Nov 9,Injured Reserve,"Nov 5: Tillman (hamstring) was a full practice participant Wednesday, Scott Petrak of the Elyria Chronicle-Telegram reports.",2025-11-05 19:42:49
CLE,Carson Schwesinger,LB,Nov 9,Questionable,"Nov 5: Schwesinger (ankle) won't practice Wednesday, Daniel Oyefusi of ESPN.com reports.",2025-11-05 19:42:49
CLE,Shedeur Sanders,QB,Nov 9,Questionable,"Nov 5: Sanders (back) will practice in a limited fashion Wednesday, Mary Kay Cabot of The Cleveland Plain Dealer reports.",2025-11-05 19:42:49
CLE,Cam Robinson,OT,Nov 9,Questionable,,2025-11-05 19:42:49
CLE,Isaiah Bond,WR,Nov 9,Questionable,"Nov 5: Bond (foot) is not slated to practice Wednesday, Daniel Oyefusi of ESPN.com reports.",2025-11-05 19:42:49
CLE,Adin Huntington,DE,Nov 9,Questionable,,2025-11-05 19:42:49
CLE,Deshaun Watson,QB,Nov 23,Out,"Nov 3: Browns head coach Kevin Stefanski said Monday that Watson (Achilles) won't have his 21-day practice window opened this week, Scott Petrak of the Elyria Chronicle-Telegram reports.",2025-11-05 19:42:49
CLE,Tyson Campbell,CB,Nov 9,Questionable,"Oct 27: Campbell is in concussion protocol following Sunday's 32-13 loss to the Patriots, Scott Petrak of the Elyria Chronicle-Telegram reports.",2025-11-05 19:42:49
CLE,Rayshawn Jenkins,S,Nov 9,Questionable,Oct 26: Jenkins (groin) has been ruled out for the remainder of Sunday's Week 8 game against New England.,2025-11-05 19:42:49
CLE,DeAndre Carter,WR,Nov 9,Injured Reserve,"Sep 29: Head coach Kevin Stefanski told reporters Monday that Carter (knee) will miss ""weeks,"" Daniel Oyefusi of ESPN.com reports.",2025-11-05 19:42:49
CLE,Dawand Jones,OT,Feb 9,Injured Reserve,"Sep 26: Jones (knee/hamstring) underwent surgery to address a torn LCL in his right knee and a hamstring avulsion Thursday, Chris Easterling of the Akron Beacon Journal reports.",2025-11-05 19:42:49
CLE,Winston Reid,LB,Nov 9,Injured Reserve,Aug 27: Reid (back) was placed on injured reserve Tuesday.,2025-11-05 19:42:49
CLE,Nathaniel Watson,LB,Feb 9,Injured Reserve,Aug 21: Watson (biceps) was placed on injured reserve Thursday.,2025-11-05 19:42:49
CLE,Anthony Kendall,CB,Feb 9,Injured Reserve,"Aug 6: Kendall (undisclosed) reverted to Cleveland's injured reserve list Wednesday, Aaron Wilson of KPRC 2 Houston reports.",2025-11-05 19:42:49
CLE,Martin Emerson Jr.,CB,Feb 9,Injured Reserve,"Jul 30: Emerson (Achilles) was ruled out for the season Wednesday, Mary Kay Cabot of The Cleveland Plain Dealer reports.",2025-11-05 19:42:49
CLE,Justin Osborne,C,Feb 9,Injured Reserve,Jun 10: Osborne (undisclosed) reverted to Cleveland's injured reserve Tuesday.,2025-11-05 19:42:49
CLE,Jeremiah Owusu-Koramoah,LB,Feb 9,Out,May 12: The Browns placed Owusu-Koramoah (neck) on the Reserve/Physically Unable to to Perform list Monday.,2025-11-05 19:42:49
DAL,Shavon Revel Jr.,CB,Nov 17,Out,"Nov 4: Head coach Brian Schottenheimer told reporters Tuesday that Revel (knee) is ""trending"" toward making his 2025 debut in the Cowboys' Week 11 road tilt against the Raiders on Monday, Nov. 17, Joe Hoyt of The Dallas Morning News reports.",2025-11-05 19:42:49
DAL,DeMarvion Overshown,LB,Nov 17,Out,"Nov 4: Head coach Brian Schottenheimer said Tuesday that Overshown (knee) is ""trending"" toward being activated from injured reserve ahead of the Cowboys' Week 11 clash against the Raiders on Monday, Nov. 17, Joe Hoyt of The Dallas Morning News reports.",2025-11-05 19:42:49
DAL,Logan Wilson,LB,Nov 16,Out,"Nov 4: The Cowboys acquired Wilson (calf) from the Bengals on Tuesday in exchange for a 2026 seventh-round draft pick, Ian Rapoport of NFL Network reports.",2025-11-05 19:42:49
DAL,Donovan Wilson,S,Nov 17,Out,,2025-11-05 19:42:49
DAL,Ajani Cornelius,OT,Nov 17,Out,,2025-11-05 19:42:49
DAL,Alijah Clark,S,Nov 17,Out,,2025-11-05 19:42:49
DAL,Solomon Thomas,DT,Nov 17,Questionable,Nov 3: Thomas is questionable to return to Monday's clash against the Cardinals due to a calf issue.,2025-11-05 19:42:49
DAL,Markquese Bell,S,Nov 17,Questionable,Nov 3: Bell is questionable to return on Monday's Week 9 matchup against the Cardinals due to cramps.,2025-11-05 19:42:49
DAL,Terence Steele,OT,Nov 17,Questionable,"Nov 3: Steele was added to the Cowboys' injury report for Monday's game against the Cardinals due to a migraine but will be active for the game, Calvin Watkins of The Dallas Morning News reports.",2025-11-05 19:42:49
DAL,Jack Sanborn,LB,Dec 4,Injured Reserve,Nov 3: Sanborn (groin) was placed on the injured reserve list Monday.,2025-11-05 19:42:49
DAL,Perrion Winfrey,DT,Nov 17,Injured Reserve,"Nov 1: Winfrey (back) has been ruled out ahead of Monday's game against the Cowboys, Todd Archer of ESPN.com reports.",2025-11-05 19:42:49
DAL,Trevon Diggs,CB,Nov 27,Injured Reserve,"Oct 30: Diggs (concussion/knee) attended practice Thursday, Joe Hoyt of The Dallas Morning News reports.",2025-11-05 19:42:49
DAL,Trevor Keegan,G,Nov 27,Injured Reserve,Oct 21: The Cowboys placed Keegan (neck) on injured reserve Tuesday.,2025-11-05 19:42:49
DAL,Miles Sanders,RB,Feb 9,Injured Reserve,Oct 11: The Cowboys placed Sanders (knee/ankle) on injured reserve Saturday.,2025-11-05 19:42:49
DAL,Malik Hooker,S,Nov 17,Injured Reserve,Oct 4: Hooker (toe) was placed on injured reserve Saturday.,2025-11-05 19:42:49
DAL,John Stephens Jr.,TE,Nov 17,Injured Reserve,"Aug 28: The previously terminated contract between the Cowboys and Stephens (undisclosed) was reinstated Thursday, and he has been placed on injured reserve, Aaron Wilson of KPRC 2 Houston reports.",2025-11-05 19:42:49
DAL,Phil Mafah,RB,Nov 17,Injured Reserve,Aug 27: The Cowboys placed Mafah (shoulder) on injured reserve Wednesday.,2025-11-05 19:42:49
DAL,Payton Turner,DE,Nov 17,Injured Reserve,"Aug 26: The Cowboys placed Turner (ribs) on injured reserve Tuesday, ruling him out for at least the first four games of the regular season.",2025-11-05 19:42:49
DAL,Rob Jones,G,Feb 9,Injured Reserve,"Aug 8: Jones (neck) was placed on season-ending injured reserve Friday, Nick Eatman of the Cowboys' official site reports.",2025-11-05 19:42:49
DAL,Josh Butler,CB,Nov 17,Out,"Jul 21: Butler (knee) was placed on the active/PUP list Monday, Calvin Watkins of the Dallas Morning News reports.",2025-11-05 19:42:49
DEN,Marvin Mims Jr.,WR,Nov 16,Out,Nov 5: Mims (concussion) has been ruled out for Thursday's game against Las Vegas.,2025-11-05 19:42:49
DEN,Pat Surtain II,CB,Nov 16,Out,,2025-11-05 19:42:49
DEN,Nate Adkins,TE,Nov 16,Out,,2025-11-05 19:42:49
DEN,Brandon Jones,S,Nov 6,Questionable,Nov 4: Jones (foot) was a limited participant in Tuesday's walkthrough.,2025-11-05 19:42:49
DEN,P.J. Locke,S,Nov 6,Questionable,,2025-11-05 19:42:49
DEN,Lucas Krull,TE,Jan 4,Injured Reserve,"Oct 27: Krull underwent surgery to repair the the fractured fifth metatarsal in his left foot Monday and is expected to be out for eight weeks, Chris Tomasson of The Denver Gazette reports.",2025-11-05 19:42:49
DEN,Garret Wallow,LB,Nov 16,Injured Reserve,"Oct 14: The Broncos placed Wallow (hamstring) on injured reserve Tuesday, Ben Swanson of the team's official site reports.",2025-11-05 19:42:49
DEN,Matt Peart,OT,Nov 16,Injured Reserve,Oct 14: The Broncos placed Peart (knee) on injured reserve Tuesday.,2025-11-05 19:42:49
DEN,Ben Powers,G,Dec 7,Injured Reserve,"Oct 11: The Broncos placed Powers (biceps) on injured reserve Saturday, Chris Tomasson of The Denver Gazette reports.",2025-11-05 19:42:49
DEN,Drew Sanders,LB,Nov 16,Injured Reserve,"Aug 27: Sanders (foot) was placed on injured reserve with a designation to return Tuesday, Aric DiLalla of the Broncos' official website reports.",2025-11-05 19:42:49
DEN,Michael Burton,FB,Feb 9,Injured Reserve,"Aug 26: Burton was placed on injured reserve by the Broncos on Tuesday, Aric DiLalla of the team's official website reports.",2025-11-05 19:42:49
DEN,Nick Gargiulo,G,Feb 9,Injured Reserve,"Aug 19: Head coach Sean Payton announced Tuesday that it was an ACL injury that landed Gargiulo on injured reserve, Aric DiLalla of the Broncos' official site reports.",2025-11-05 19:42:49
DEN,Matt Henningsen,DE,Feb 9,Injured Reserve,"Aug 11: Henningsen (Achilles) reverted to the Broncos' injured reserve Monday, Chris Tomasson of The Denver Gazette reports.",2025-11-05 19:42:49
DEN,Johnny Walker Jr.,LB,Feb 9,Injured Reserve,"Jul 31: Walker (undisclosed) was placed on injured reserve by the Broncos on Thursday, Aric DiLalla of the team's official site reports.",2025-11-05 19:42:49
DET,Grant Stuard,LB,Nov 9,Questionable,,2025-11-05 19:42:49
DET,Dan Skipper,OT,Nov 9,Questionable,,2025-11-05 19:42:49
DET,Jacob Saylors,RB,Nov 9,Questionable,,2025-11-05 19:42:49
DET,Pat O'Connor,DE,Nov 9,Questionable,,2025-11-05 19:42:49
DET,Christian Mahogany,G,Dec 4,Injured Reserve,,2025-11-05 19:42:49
DET,Miles Frazier,G,Nov 16,Out,"Nov 5: Frazier (knee) was designated to return from the reserve/PUP list Wednesday, Richard Silva of The Detroit News reports.",2025-11-05 19:42:49
DET,Craig Reynolds,RB,Nov 9,Questionable,,2025-11-05 19:42:49
DET,Kerby Joseph,S,Nov 9,Questionable,,2025-11-05 19:42:49
DET,Josh Paschal,DE,Nov 9,Out,"Nov 3: Head coach Dan Campbell said Paschal (undisclosed) is still a few weeks away from practicing, Justin Rogers of Detroit Football Network reports.",2025-11-05 19:42:49
DET,Penei Sewell,OT,Nov 9,Questionable,"Nov 3: Sewell sustained a lower-body injury during the Lions' 27-24 loss to the Vikings on Sunday, Justin Rogers of Detroit Football Network reports.",2025-11-05 19:42:49
DET,Taylor Decker,OT,Nov 9,Questionable,Nov 2: Decker (knee) is questionable to return to Sunday's game against the Vikings.,2025-11-05 19:42:49
DET,Daniel Thomas,S,Nov 9,Injured Reserve,Nov 1: Thomas (forearm) was not activated from injured reserve and has been downgraded to out for Sunday's game against the Vikings.,2025-11-05 19:42:49
DET,Malcolm Rodriguez,LB,Nov 16,Out,Oct 29: The Lions listed Rodriguez (knee) as a limited participant on Wednesday's estimated practice report.,2025-11-05 19:42:49
DET,Marcus Davenport,DE,Nov 16,Injured Reserve,"Oct 28: Head coach Dan Campbell did not provide a definitive timetable for Davenport (chest) to return from injury during Tuesday's press conference, Nolan Bianchi of The Detroit News reports.",2025-11-05 19:42:49
DET,Zach Cunningham,LB,Nov 27,Injured Reserve,"Oct 22: Detroit placed Cunningham (hamstring) on its injured reserve list Wednesday, Jacob Richman of mlive.com reports.",2025-11-05 19:42:49
DET,Giovanni Manu,OT,Nov 16,Injured Reserve,Oct 11: The Lions placed Manu (knee) on injured reserve Saturday.,2025-11-05 19:42:49
DET,Khalil Dorsey,CB,Nov 16,Injured Reserve,Oct 8: Dorsey (concussion) was placed on injured reserve Wednesday.,2025-11-05 19:42:49
DET,D.J. Reed,CB,Nov 9,Injured Reserve,Oct 1: The Lions placed Reed (hamstring) on injured reserve Wednesday.,2025-11-05 19:42:49
DET,Shane Zylstra,TE,Nov 9,Injured Reserve,Sep 16: The Lions placed Zylstra (ankle) on injured reserve Tuesday.,2025-11-05 19:42:49
DET,Jamarco Jones,OT,Feb 9,Injured Reserve,"Sep 8: Head coach Dan Campbell said Monday that Jones (ankle) is out for the entire 2025 season, Colton Pouncy of The Athletic reports.",2025-11-05 19:42:49
DET,Ezekiel Turner,LB,Feb 9,Injured Reserve,Aug 27: The Lions placed Turner (foot) on injured reserve Tuesday.,2025-11-05 19:42:49
DET,Colby Sorsdal,OT,Feb 9,Injured Reserve,Aug 10: The Lions placed Sorsdal (undisclosed) on injured reserve Sunday.,2025-11-05 19:42:49
DET,Ennis Rakestraw Jr.,CB,Feb 9,Injured Reserve,Aug 7: Rakestraw (shoulder) was placed on injured reserve Thursday.,2025-11-05 19:42:49
DET,Kye Robichaux,RB,Feb 9,Injured Reserve,"Aug 5: Robichaux (undisclosed) reverted to Detroit's injured reserve list Tuesday, per the NFL's transaction log.",2025-11-05 19:42:49
DET,Dan Jackson,S,Feb 9,Injured Reserve,Aug 4: The Lions placed Jackson (leg) on injured reserve Monday.,2025-11-05 19:42:49
GNB,Tucker Kraft,TE,Feb 9,Injured Reserve,Nov 4: The Packers placed Kraft (knee) on injured reserve Tuesday.,2025-11-05 19:42:49
GNB,Dontayvion Wicks,WR,Nov 10,Questionable,,2025-11-05 19:42:49
GNB,Lukas Van Ness,DE,Nov 10,Questionable,,2025-11-05 19:42:49
GNB,Nate Hobbs,CB,Nov 10,Doubtful,"Nov 3: Head coach Matt LaFleur said Monday that Hobbs is expected to miss at least two games due to a Grade 1 MCL sprain, Ryan Woods of PackersNews.com reports.",2025-11-05 19:42:49
GNB,Matthew Golden,WR,Nov 10,Questionable,"Nov 3: Packers head coach Matt LaFleur said Monday that the shoulder injury Golden suffered in Sunday's 16-13 loss to the Panthers isn't a long-term concern, and the rookie wideout is viewed as day-to-day rather than week-to-week, Rob Demovsky of ESPN.com reports.",2025-11-05 19:42:49
GNB,Colby Wooden,DT,Nov 10,Questionable,Nov 2: Wooden (shoulder) has been downgraded to out for the rest of Sunday's game against the Panthers.,2025-11-05 19:42:49
GNB,Aaron Banks,G,Nov 10,Questionable,"Nov 2: Banks has a stinger and is questionable to return to Sunday's game against the Panthers, Matt Schneidman of The Athletic reports.",2025-11-05 19:42:49
GNB,Nick Niemann,LB,Nov 27,Injured Reserve,Nov 1: Niemann (pectoral) was placed on injured reserve Saturday.,2025-11-05 19:42:49
GNB,Jayden Reed,WR,Nov 10,Injured Reserve,"Oct 29: Reed (collarbone, foot) remains on IR and has not yet had his 21-day practice window opened, but he spent time on the rehab field Wednesday, Rob Demovsky of ESPN.com reports.",2025-11-05 19:42:49
GNB,MarShawn Lloyd,RB,Nov 10,Injured Reserve,"Oct 29: Packers coach Matt LaFleur said Wednesday that Lloyd (hamstring), who remains on IR, is not nearing a return to practice, Matt Schneidman of The Athletic reports.",2025-11-05 19:42:49
GNB,Collin Oliver,DE,Nov 10,Out,"Oct 15: Head coach Matt LaFleur relayed Wednesday that Oliver is still working through a hamstring injury, and his ability to return from the reserve/PUP list is ""up in the air,"" Rob Demovsky of ESPN.com reports.",2025-11-05 19:42:49
GNB,Brenton Cox Jr.,DE,Nov 10,Injured Reserve,Sep 11: The Packers placed Cox (groin) on injured reserve Thursday.,2025-11-05 19:42:49
GNB,John Williams,G,Nov 10,Out,"Aug 27: The Packers placed Williams (back) on the reserve/PUP list Tuesday, Wes Hodklewickz of the team's official site reports.",2025-11-05 19:42:49
GNB,Travis Glover,OT,Feb 9,Injured Reserve,"Aug 6: The Packers placed Glover (shoulder) on injured reserve Wednesday, Tom Silverstein of the Milwaukee Journal Sentinel reports.",2025-11-05 19:42:49
HOU,Dalton Schultz,TE,Nov 9,Questionable,Nov 5: Schultz (knee/shoulder) was limited at practice Wednesday.,2025-11-05 19:42:49
HOU,Jalen Pitre,S,Nov 9,Questionable,,2025-11-05 19:42:49
HOU,Harrison Bryant,TE,Nov 9,Questionable,,2025-11-05 19:42:49
HOU,Denico Autry,DE,Nov 9,Questionable,,2025-11-05 19:42:49
HOU,Will Anderson Jr.,DE,Nov 9,Questionable,,2025-11-05 19:42:49
HOU,Nick Chubb,RB,Nov 9,Questionable,"Nov 5: Chubb was held out of Wednesday's practice due to a foot injury, Aaron Wilson of KPRC 2 Houston reports.",2025-11-05 19:42:49
HOU,Braxton Berrios,WR,Nov 9,Questionable,,2025-11-05 19:42:49
HOU,Ka'imi Fairbairn,PK,Nov 9,Questionable,"Nov 5: Texans head coach DeMeco Ryans said Wednesday he ""does not"" expect Fairbairn (quadriceps) to be available for Sunday's matchup against the Jaguars, Aaron Wilson of KPRC 2 Houston reports.",2025-11-05 19:42:49
HOU,C.J. Stroud,QB,Nov 16,Out,"Nov 5: Coach DeMeco Ryans noted Wednesday that Stroud (concussion) ""will be out"" Sunday against the Jaguars, Adam Schefter of ESPN and Ian Rapoport of NFL Network report.",2025-11-05 19:42:49
HOU,Jaylin Smith,CB,Dec 7,Injured Reserve,Nov 5: Smith (undisclosed) was placed on the injured reserve list Wednesday.,2025-11-05 19:42:49
HOU,Darrell Taylor,DE,Dec 7,Injured Reserve,Nov 5: Taylor (ankle) was placed on the injured reserve list Wednesday.,2025-11-05 19:42:49
HOU,Jimmie Ward,S,Nov 9,Out,"Nov 3: Head coach DeMeco Ryans said Monday that Ward (foot) could return to practice within a few weeks, Aaron Wilson of KPRC 2 Houston reports.",2025-11-05 19:42:49
HOU,Christian Harris,LB,Nov 9,Questionable,Nov 2: Harris has a shin injury and will not return to Sunday's game against the Broncos.,2025-11-05 19:42:49
HOU,Ed Ingram,G,Nov 9,Questionable,Nov 2: Ingram (knee) is questionable to return to Sunday's game against the Broncos.,2025-11-05 19:42:49
HOU,Tytus Howard,OT,Nov 9,Questionable,Nov 2: Howard is under evaluation for a possible concussion during Sunday's contest with the Broncos.,2025-11-05 19:42:49
HOU,Jakob Johnson,FB,Nov 9,Injured Reserve,Nov 1: Johnson (hamstring) has been ruled out  ahead of Sunday's game against the Broncos.,2025-11-05 19:42:49
HOU,Cade Stover,TE,Nov 9,Injured Reserve,"Oct 23: Stover (foot) is expected back within the next few weeks, Aaron Wilson of KPRC 2 Houston reports.",2025-11-05 19:42:49
HOU,Justin Watson,WR,Nov 9,Injured Reserve,"Oct 8: Houston executive vice president and general manager Nick Caserio said Tuesday that he expects Watson (calf/Achilles) to return later this season, Sam Warren of the Houston Chronicle reports.",2025-11-05 19:42:49
HOU,Joe Mixon,RB,Nov 30,Out,"Oct 7: Texans general manager Nick Caserio suggested Tuesday that Mixon's (foot/ankle) availability for the 2025 season hasn't yet been determined, but Houston expects to have more clarity on that front in the next three or four weeks, Aaron Wilson of KPRC 2 Houston reports.",2025-11-05 19:42:49
HOU,Folorunso Fatukasi,DT,Nov 9,Injured Reserve,Oct 4: Fatukasi (shoulder) was placed on injured reserve Saturday.,2025-11-05 19:42:49
HOU,Tank Dell,WR,Nov 9,Out,Aug 26: The Texans placed Dell (knee) on the reserve/PUP list Tuesday.,2025-11-05 19:42:49
HOU,Brevin Jordan,TE,Feb 9,Injured Reserve,"Aug 12: The Texans (knee) announced Tuesday that Jordan (knee) will be placed on IR, Jonathan M. Alexander of the Houston Chronicle reports.",2025-11-05 19:42:49
HOU,Kyonte Hamilton,DT,Feb 9,Injured Reserve,Aug 1: Houston placed Hamilton (ankle) on its injured reserve list Friday.,2025-11-05 19:42:49
HOU,Kurt Hinish,DT,Nov 9,Out,Jul 23: Hinish (undisclosed) was placed on the active/PUP list by the Texans on Wednesday.,2025-11-05 19:42:49
IND,Tyquan Lewis,DE,Nov 9,Questionable,Nov 5: Lewis (groin) did not participate at practice Wednesday.,2025-11-05 19:42:49
IND,Anthony Gould,WR,Nov 9,Questionable,Nov 5: Gould (knee) did not participate at practice Wednesday.,2025-11-05 19:42:49
IND,Sauce Gardner,CB,Nov 9,Questionable,Nov 5: Gardner (concussion) was a full participant in Wednesday's practice.,2025-11-05 19:42:49
IND,DeForest Buckner,DT,Nov 9,Questionable,Nov 5: Buckner (neck) did not participate at practice Wednesday.,2025-11-05 19:42:49
IND,Michael Pittman Jr.,WR,Nov 9,Questionable,Nov 5: Pittman (glute) didn't practice Wednesday.,2025-11-05 19:42:49
IND,Kenny Moore II,CB,Nov 9,Questionable,,2025-11-05 19:42:49
IND,Charvarius Ward,CB,Nov 23,Injured Reserve,"Nov 5: Ward (concussion) was spotted doing work on the field with a trainer Wednesday, Joel A. Erickson of The Indianapolis Star reports.",2025-11-05 19:42:49
IND,Samson Ebukam,DE,Nov 9,Questionable,,2025-11-05 19:42:49
IND,Anthony Richardson Sr.,QB,Nov 23,Injured Reserve,"Oct 26: Richardson underwent surgery Monday to repair his orbital fracture and could return from injured reserve later this season, Ian Rapoport of NFL Network reports.",2025-11-05 19:42:49
IND,Mike Hilton,CB,Nov 9,Out,"Oct 7: The Colts placed Hilton (shoulder) on the practice squad injured list Tuesday, Amanda Foster of the team's official site reports.",2025-11-05 19:42:49
IND,Spencer Shrader,PK,Feb 9,Injured Reserve,"Oct 7: The Colts placed Shrader (knee) on injured reserve Tuesday, Amanda Foster of the Colts' official site reports.",2025-11-05 19:42:49
IND,Daniel Scott,S,Nov 9,Injured Reserve,Oct 4: Scott (knee) was placed on injured reserve Saturday.,2025-11-05 19:42:49
IND,Jaylon Carlies,LB,Nov 9,Injured Reserve,"Aug 26: The Colts placed Carlies (ankle) on injured reserve with a designation to return Tuesday, Amanda Foster of the team's official site reports.",2025-11-05 19:42:49
IND,Hunter Wohler,S,Feb 9,Injured Reserve,Aug 18: Wohler (foot) was put on injured reserve by the Colts on Monday.,2025-11-05 19:42:49
IND,Jacob Phillips,LB,Feb 9,Injured Reserve,Aug 18: Phillips (biceps) was placed on injured reserve by the Colts on Monday.,2025-11-05 19:42:49
IND,Blake Freeland,OT,Feb 9,Injured Reserve,Aug 18: Freeland (leg) was placed on injured reserve by the Colts on Monday.,2025-11-05 19:42:49
IND,D.J. Montgomery,WR,Feb 9,Injured Reserve,Aug 13: The Colts placed Montgomery (undisclosed) on the injured reserve list Wednesday.,2025-11-05 19:42:49
IND,Justin Walley,CB,Feb 9,Injured Reserve,Aug 8: Walley (knee) was placed  on injured reserve Friday.,2025-11-05 19:42:49
IND,Salvon Ahmed,RB,Feb 9,Injured Reserve,Aug 8: The Colts placed Ahmed (ankle) on injured reserve Friday.,2025-11-05 19:42:49
IND,Jack Wilson,OT,Feb 9,Injured Reserve,Jul 28: Wilson (undisclosed) was placed on injured reserve by the Colts on Monday.,2025-11-05 19:42:49
JAX,Jack Kiser,LB,Nov 9,Questionable,,2025-11-05 19:42:49
JAX,DaVon Hamilton,DT,Nov 9,Questionable,,2025-11-05 19:42:49
JAX,Dennis Gardeck,LB,Nov 9,Questionable,,2025-11-05 19:42:49
JAX,Dyami Brown,WR,Nov 9,Questionable,Nov 5: Brown (concussion) was a limited practice participant Wednesday.,2025-11-05 19:42:49
JAX,Jourdan Lewis,CB,Nov 9,Questionable,"Nov 5: Lewis (shoulder) was not spotted at Wednesday's practice, Michael DiRocco of ESPN.com reports.",2025-11-05 19:42:49
JAX,Hunter Long,TE,Nov 9,Questionable,"Nov 5: Long (hip/knee) is not participating in the early portion of Wednesday's practice open to the media, Michael DiRocco of ESPN.comreports.",2025-11-05 19:42:49
JAX,Brian Thomas Jr.,WR,Nov 9,Questionable,"Nov 5: Thomas (left ankle/shoulder) wasn't spotted at practice Wednesday, Ryan O'Halloran of The Florida Times-Union reports.",2025-11-05 19:42:49
JAX,Ezra Cleveland,G,Nov 9,Questionable,Nov 2: Cleveland (ankle/knee) has been ruled out for the rest of Sunday's game against the Raiders.,2025-11-05 19:42:49
JAX,Eric Murray,S,Nov 30,Injured Reserve,Oct 31: The Jaguars placed Murray (neck) on injured reserve Friday.,2025-11-05 19:42:49
JAX,Travis Hunter,WR,Nov 30,Injured Reserve,Oct 31: The Jaguars placed Hunter (knee) on injured reserve Friday.,2025-11-05 19:42:49
JAX,Brenton Strange,TE,Nov 16,Injured Reserve,"Oct 10: Strange (quadriceps) is expected to miss at least five weeks due to a quadriceps and hip injury that includes a ligament tear, NFL Insider Jordan Schultz reports.",2025-11-05 19:42:49
JAX,Jalen McLeod,LB,Nov 9,Injured Reserve,Aug 27: McLeod (lower body) was placed on injured reserve with a designation to return Tuesday.,2025-11-05 19:42:49
JAX,Caleb Ransaw,CB,Feb 9,Injured Reserve,Aug 27: Jacksonville placed Ransaw (lower body) on its injured reserve list Tuesday.,2025-11-05 19:42:49
JAX,Joshua Cephus,WR,Feb 9,Injured Reserve,"Aug 21: Cephus (undisclosed) reverted to injured reserve with the Jaguars on Thursday, Aaron Wilson of KPRC 2 Houston reports.",2025-11-05 19:42:49
JAX,Cooper Hodges,OT,Nov 9,Out,"Jun 6: Hodges (knee) cleared waivers and reverted to Jacksonville's PUP list Thursday, Demetrius Harvey of The Florida Times-Union reports.",2025-11-05 19:42:49
KAN,Isiah Pacheco,RB,Nov 16,Out,,2025-11-05 19:42:49
KAN,Jawaan Taylor,OT,Nov 16,Questionable,Nov 2: Taylor (ankle) is questionable to return to Kansas City's matchup versus the Bills.,2025-11-05 19:42:49
KAN,Omarr Norman-Lott,DT,Feb 9,Injured Reserve,Oct 21: The Chiefs placed Norman-Lott (knee) on injured reserve Tuesday.,2025-11-05 19:42:49
KAN,Nazeeh Johnson,S,Nov 16,Injured Reserve,Aug 27: Johnson (shoulder) was placed on injured reserve Tuesday with a designation to return.,2025-11-05 19:42:49
KAN,Brandon George,LB,Feb 9,Injured Reserve,Aug 27: George (undisclosed) was placed on injured reserve Tuesday.,2025-11-05 19:42:49
KAN,Ethan Driskell,OT,Nov 16,Out,Aug 27: Driskell (appendix) was placed on the reserve/non-football injury list Tuesday.,2025-11-05 19:42:49
KAN,Jake Briningstool,TE,Nov 16,Injured Reserve,"Aug 26: The Chiefs placed Briningstool (hamstring) on injured reserve Tuesday with a designation to return, per the NFL's transaction log.",2025-11-05 19:42:49
KAN,Felix Anudike-Uzomah,DE,Feb 9,Injured Reserve,Aug 18: Anudike-Uzomah (hamstring) was placed on injured reserve by the Chiefs on Monday.,2025-11-05 19:42:49
KAN,Deon Bush,S,Feb 9,Injured Reserve,Aug 11: The Chiefs placed Bush (Achilles) on injured reserve Monday.,2025-11-05 19:42:49
KAN,Janarius Robinson,DE,Feb 9,Injured Reserve,Aug 11: Kansas City placed Robinson (foot) on its injured reserve list Monday.,2025-11-05 19:42:49
KAN,Eric Scott Jr.,CB,Feb 9,Injured Reserve,"Aug 3: Scott (undisclosed) reverted to injured reserve with Kansas City on Saturday, Aaron Wilson of KPRC 2 Houston reports.",2025-11-05 19:42:49
KAN,Keaontay Ingram,RB,Feb 9,Injured Reserve,"May 16: Ingram (undisclosed) reverted to injured reserve Friday, Aaron Wilson of KPRC 2 Houston reports.",2025-11-05 19:42:49
LVR,Isaiah Pola-Mao,S,Nov 6,Questionable,"Nov 4: Pola-Mao (hip) was listed as a limited participant in Tuesday's practice, Ryan McFadden of ESPN.com reports.",2025-11-05 19:42:49
LVR,Adam Butler,DT,Nov 6,Questionable,"Nov 4: Butler (back) was listed as a limited participant in Tuesday's practice, Ryan McFadden of ESPN.com reports",2025-11-05 19:42:49
LVR,Lonnie Johnson Jr.,CB,Nov 6,Injured Reserve,Oct 31: Johnson (leg) has been ruled out ahead of Sunday's game against the Jaguars.,2025-11-05 19:42:49
LVR,Aidan O'Connell,QB,Nov 6,Injured Reserve,Oct 31: O'Connell (wrist) has been ruled out  ahead of Sunday's game against the Jaguars.,2025-11-05 19:42:49
LVR,Brennan Jackson,LB,Nov 17,Injured Reserve,Oct 3: The Raiders placed Jackson on injured reserve Friday due to a foot injury.,2025-11-05 19:42:49
LVR,Kolton Miller,OT,Nov 17,Injured Reserve,Sep 30: Las Vegas placed Miller (ankle) on its injured reserve list Tuesday.,2025-11-05 19:42:49
LAC,Joe Alt,OT,Feb 9,Injured Reserve,,2025-11-05 19:42:49
LAC,Rick Lovato,LS,Feb 9,Reserve-Ret,Nov 4: The Chargers placed Lovato (undisclosed) on the reserve/retired list Tuesday.,2025-11-05 19:42:49
LAC,Tarheeb Still,CB,Nov 9,Questionable,,2025-11-05 19:42:49
LAC,Tony Jefferson,S,Nov 9,Questionable,,2025-11-05 19:42:49
LAC,Will Dissly,TE,Nov 9,Questionable,,2025-11-05 19:42:49
LAC,Mekhi Becton,G,Nov 9,Questionable,,2025-11-05 19:42:49
LAC,Omarion Hampton,RB,Nov 30,Injured Reserve,"Nov 3: Chargers head coach Jim Harbaugh said that Hampton (ankle) isn't expected to be designated for return from injured reserve until after the team's Week 12 bye, Kris Rhim of ESPN.com reports.",2025-11-05 19:42:49
LAC,Bobby Hart,OT,Nov 9,Questionable,"Nov 2: Hart (groin) is questionable to return to Sunday's game against the Titans, Kris Rhim of ESPN.com reports.",2025-11-05 19:42:49
LAC,Hassan Haskins,RB,Dec 8,Injured Reserve,Nov 1: The Chargers placed Haskins (hamstring) on injured reserve Saturday.,2025-11-05 19:42:49
LAC,Josh Harris,LS,Nov 9,Injured Reserve,"Oct 30: The Chargers designated Harris (undisclosed) to return from injured reserve Thursday, Eric Smith of the Chargers' official site reports.",2025-11-05 19:42:49
LAC,Deane Leonard,CB,Nov 9,Injured Reserve,"Oct 28: The Chargers designated Leonard (leg) for return from injured reserve Tuesday, Kris Rhim of ESPN.com reports.",2025-11-05 19:42:49
LAC,Otito Ogbonnia,DT,Nov 30,Injured Reserve,Oct 21: The Chargers placed Ogbonnia (elbow) on injured reserve Tuesday.,2025-11-05 19:42:49
LAC,Da'Shawn Hand,DT,Nov 9,Injured Reserve,Oct 11: The Chargers placed Hand (groin) on injured reserve Saturday.,2025-11-05 19:42:49
LAC,Najee Harris,RB,Feb 9,Injured Reserve,Sep 24: The Chargers placed Harris (Achilles) on IR on Wednesday.,2025-11-05 19:42:49
LAC,Eric Rogers,CB,Nov 9,Injured Reserve,Aug 27: Rogers (undisclosed) was placed on injured reserve by the Chargers on Wednesday.,2025-11-05 19:42:49
LAC,Junior Colson,LB,Feb 9,Injured Reserve,"Aug 27: The Chargers placed Colson (shoulder) on injured reserve Tuesday, ruling him out for the entire 2025 season,",2025-11-05 19:42:49
LAC,Jordan Oladokun,CB,Feb 9,Injured Reserve,"Aug 15: Oladokun (undisclosed) reverted to the Chargers' injured reserve list Friday, per the NFL's transaction log.",2025-11-05 19:42:49
LAC,Rashawn Slater,OT,Feb 9,Injured Reserve,Aug 9: The Chargers placed Slater (knee) on injured reserve Saturday.,2025-11-05 19:42:49
LAC,Josh Fuga,DT,Feb 9,Injured Reserve,"Aug 5: Fuga (undisclosed) reverted to the Chargers' injured reserve Tuesday, per the NFL's transaction log.",2025-11-05 19:42:49
LAR,Puka Nacua,WR,Nov 9,Questionable,"Nov 5: Coach Sean McVay said that imaging on Nacua's ribs was returned negative, and while the wide receiver will be limited at Wednesday's practice, he should be able to play Sunday at San Francisco, Adam Grosbard of The Orange County Register reports.",2025-11-05 19:42:49
LAR,Darious Williams,CB,Nov 9,Questionable,"Nov 5: Rams head coach Sean McVay said Wednesday that ""the plan we had in place"" is for Williams (shoulder) to return to the lineup Sunday against the 49ers, Cameron DaSilva of USA Today reports.",2025-11-05 19:42:49
LAR,Tutu Atwell,WR,Nov 30,Injured Reserve,Oct 27: The Rams placed Atwell (hamstring) on injured reserve Monday.,2025-11-05 19:42:49
LAR,Ahkello Witherspoon,CB,Dec 7,Injured Reserve,Sep 15: The Rams placed Witherspoon (collarbone) on injured reserve Monday.,2025-11-05 19:42:49
LAR,Keir Thomas,LB,Feb 9,Injured Reserve,Aug 19: The Rams placed Thomas (undisclosed) on injured reserve Tuesday.,2025-11-05 19:42:49
MIA,Ashtyn Davis,S,Nov 9,Questionable,"Nov 5: Davis (quadriceps) was a limited practice participant Wednesday, David Furones of the South Florida Sun Sentinel reports.",2025-11-05 19:42:49
MIA,Dee Eskridge,WR,Nov 9,Questionable,"Nov 5: Eskridge (shoulder) did not practice Wednesday, David Furones of the South Florida Sun Sentinel reports.",2025-11-05 19:42:49
MIA,Zach Sieler,DT,Nov 9,Questionable,,2025-11-05 19:42:49
MIA,Ifeatu Melifonwu,S,Nov 9,Questionable,,2025-11-05 19:42:49
MIA,Bradley Chubb,LB,Nov 9,Questionable,,2025-11-05 19:42:49
MIA,Julian Hill,TE,Nov 9,Questionable,"Nov 5: Hill (ankle) was a limited participant in Wednesday's practice, David Furones of the South Florida Sun Sentinel reports.",2025-11-05 19:42:49
MIA,Ollie Gordon II,RB,Nov 9,Questionable,"Nov 5: Gordon (ankle) practiced in a limited capacity Wednesday, David Furones of the South Florida Sun Sentinel reports.",2025-11-05 19:42:49
MIA,Chop Robinson,LB,Nov 9,Questionable,"Nov 5: Robinson (concussion) is not practicing Wednesday, Marcel Louis-Jacques of ESPN.com reports.",2025-11-05 19:42:49
MIA,Rasul Douglas,CB,Nov 9,Questionable,Nov 1: Douglas (toe) registered six tackles (three solo) during the Dolphins' 28-6 loss to the Ravens on Thursday.,2025-11-05 19:42:49
MIA,Storm Duck,CB,Feb 9,Injured Reserve,Oct 28: The Dolphins placed Duck (knee) on injured reserve Tuesday.,2025-11-05 19:42:49
MIA,Darren Waller,TE,Nov 30,Injured Reserve,"Oct 24: Waller's pectoral injury isn't expected to be season-ending, coach Mike McDaniel said Friday, David Furones of the South Florida Sun Sentinel reports.",2025-11-05 19:42:49
MIA,Tyreek Hill,WR,Feb 9,Injured Reserve,"Oct 24: Hill (knee) hasn't decided if he will continue playing football or retire from the NFL, ESPN.com reports.",2025-11-05 19:42:49
MIA,Jason Sanders,PK,Nov 9,Injured Reserve,"Oct 16: Dolphins special teams coordinator Craig Aukerman said Thursday that he's uncertain if Sanders (hip) is close to returning to action or if the kicker will be activated from injured reserve this season, Barry Jackson of the Miami Herald reports.",2025-11-05 19:42:49
MIA,Liam Eichenberg,OT,Nov 9,Out,"Oct 6: Head coach Mike McDaniel said Monday that Eichenberg (undisclosed) still needs ""several weeks"" to return from his injury, David Furones of the South Florida Sun Sentinel reports.",2025-11-05 19:42:49
MIA,Austin Jackson,G,Nov 9,Injured Reserve,"Oct 6: Per head coach Mike McDaniel on Monday, Jackson (toe) is still weeks away from returning from injured reserve, David Furones of the South Florida Sun Sentinel reports.",2025-11-05 19:42:49
MIA,James Daniels,G,Nov 9,Injured Reserve,"Oct 6: Head coach Mike McDaniel relayed Monday that Daniels still needs ""several weeks"" to return from a pectoral injury, David Furones of the South Florida Sun Sentinel reports.",2025-11-05 19:42:49
MIA,Andrew Meyer,C,Nov 9,Injured Reserve,"Aug 27: Meyer (undisclosed) was placed on injured reserve by the Dolphins on Tuesday, though he was designated to return.",2025-11-05 19:42:49
MIA,Yodny Cajuste,OT,Feb 9,Injured Reserve,"Aug 20: Cajuste (undisclosed) was placed on injured reserve Tuesday, Aaron Wilson of KPRC 2 Houston reports.",2025-11-05 19:42:49
MIA,Germain Ifedi,G,Feb 9,Injured Reserve,Aug 14: Ifedi (undisclosed) was placed on injured reserve Thursday.,2025-11-05 19:42:49
MIA,Alexander Mattison,RB,Feb 9,Injured Reserve,"Aug 12: Mattison (neck), who was placed on season-ending IR on Monday, does not have a career-ending injury, David Furones of the South Florida Sun Sentinel reports.",2025-11-05 19:42:49
MIA,Jalin Conyers,TE,Feb 9,Injured Reserve,Aug 4: The Dolphins placed Conyers on injured reserve Monday due to a leg injury.,2025-11-05 19:42:49
MIA,Kader Kohou,CB,Feb 9,Injured Reserve,Aug 1: The Dolphins placed Kohou (knee) on injured reserve Friday.,2025-11-05 19:42:49
MIA,Obinna Eze,OT,Feb 9,Injured Reserve,Jul 31: Eze (undisclosed) was placed on injured reserve Wednesday.,2025-11-05 19:42:49
MIA,Artie Burns,CB,Feb 9,Injured Reserve,Jul 24: The Dolphins placed Burns on injured reserve Thursday due to a torn ACL.,2025-11-05 19:42:49
MIA,Jason Maitre,CB,Feb 9,Injured Reserve,May 27: The Dolphins placed Maitre (undisclosed) on the injured reserve list Tuesday.,2025-11-05 19:42:49
MIN,Aaron Jones Sr.,RB,Nov 9,Questionable,Nov 5: Jones (shoulder/toe) didn't practice Wednesday.,2025-11-05 19:42:49
MIN,Jeff Okudah,CB,Nov 9,Questionable,,2025-11-05 19:42:49
MIN,Josh Oliver,TE,Nov 9,Questionable,,2025-11-05 19:42:49
MIN,C.J. Ham,FB,Nov 9,Questionable,,2025-11-05 19:42:49
MIN,Ryan Kelly,C,Nov 16,Injured Reserve,"Nov 3: Head coach Kevin O'Connell told reporters Monday that Kelly (IR, concussion) will begin working off to the side of practice this week, Kevin Seifert of ESPN.com reports.",2025-11-05 19:42:49
MIN,Theo Jackson,S,Nov 9,Questionable,"Nov 3: Head coach Kevin O'Connell told reporters Monday that Jackson is in concussion protocol following Sunday's 27-24 win over the Lions, Ben Goessling of The Minnesota Star Tribune reports.",2025-11-05 19:42:49
MIN,Carson Wentz,QB,Feb 9,Injured Reserve,"Oct 27: Wentz is expected to undergo season-ending surgery to address his left shoulder injury, Tom Pelissero of NFL Network reports.",2025-11-05 19:42:49
MIN,Gabriel Murphy,LB,Oct 5,Questionable,Sep 14: Murphy (knee) has been ruled out for the rest of Sunday night's contest against the Falcons.,2025-11-05 19:42:49
MIN,Ty Chandler,RB,Nov 9,Injured Reserve,Sep 11: Chandler (knee) was placed on injured reserve Thursday.,2025-11-05 19:42:49
MIN,Gavin Bartholomew,TE,Nov 9,Out,Aug 26: Bartholomew (back) was placed on the reserve/PUP list Tuesday.,2025-11-05 19:42:49
MIN,Zeke Correll,C,Feb 9,Injured Reserve,"Aug 13: Correll (ankle) reverted to the Vikings' injured reserve list Wednesday, Aaron Wilson of KPRC 2 Houston reports.",2025-11-05 19:42:49
MIN,Rondale Moore,WR,Feb 9,Injured Reserve,Aug 12: The Vikings placed Moore (knee) on injured reserve Tuesday.,2025-11-05 19:42:49
MIN,Matt Nelson,OT,Feb 9,Injured Reserve,Aug 11: Nelson (undisclosed) was placed on the Vikings' injured reserve Monday.,2025-11-05 19:42:49
NWE,Christian Gonzalez,CB,Nov 9,Questionable,Nov 5: Gonzalez (concussion) was a full participant at practice Wednesday.,2025-11-05 19:42:49
NWE,Christian Elliss,LB,Nov 9,Questionable,"Nov 5: Head coach Mike Vrabel told reporters that Elliss (hip) won't practice Wednesday, Evan Lazar of the Patriots' official site reports.",2025-11-05 19:42:49
NWE,Kayshon Boutte,WR,Nov 9,Questionable,"Nov 5: Boutte (hamstring) won't practice Wednesday, Evan Lazar of the Patriots' official site reports.",2025-11-05 19:42:49
NWE,Rhamondre Stevenson,RB,Nov 9,Questionable,"Nov 5: Stevenson (toe) won't practice Wednesday, Evan Lazar of the Patriots' official site reports.",2025-11-05 19:42:49
NWE,Antonio Gibson,RB,Feb 9,Injured Reserve,Oct 10: Gibson (knee) was placed on injured reserve Friday.,2025-11-05 19:42:49
NWE,Isaiah Iton,DT,Feb 9,Injured Reserve,"Aug 19: Iton (hip) reverted to New England's injured reserve list Tuesday, Aaron Wilson of KPRC 2 Houston reports.",2025-11-05 19:42:49
NWE,Deneric Prince,RB,Feb 9,Injured Reserve,,2025-11-05 19:42:49
NWE,Lan Larison,RB,Feb 9,Injured Reserve,"Aug 10: The Patriots placed Larison (foot) on injured reserve Sunday, Doug Kyed of the Boston Herald reports.",2025-11-05 19:42:49
NWE,Marcellas Dial Jr.,CB,Feb 9,Injured Reserve,"Aug 5: The Patriots placed Dial (knee) on injured reserve Tuesday, Mike Reiss of ESPN.com reports.",2025-11-05 19:42:49
NWE,Jaquelin Roy,DT,Feb 9,Injured Reserve,"Aug 5: The Patriots placed Roy (undisclosed) on injured reserve Tuesday, Mike Reiss of ESPN.com reports.",2025-11-05 19:42:49
NWE,Yasir Durant,OT,Feb 9,Injured Reserve,"Jul 31: Durant (undisclosed) reverted to the Patriots' injured-reserve list Thursday, Doug Kyed of the Boston Herald reports.",2025-11-05 19:42:49
NWE,Brock Lampe,FB,Feb 9,Injured Reserve,Jul 29: The Patriots placed Lampe on injured reserve Tuesday due to an undisclosed injury.,2025-11-05 19:42:49
NOR,Alvin Kamara,RB,Nov 9,Questionable,"Nov 5: Kamara (ankle) practiced in a limited fashion Wednesday, Katherine Terrell of ESPN.com reports.",2025-11-05 19:42:49
NOR,Jack Stoll,TE,Nov 9,Doubtful,"Nov 3: Head coach Kellen Moore said Monday that Stoll sustained a high-ankle sprain during the Saints' 34-10 loss to the Rams on Sunday, Ross Jackson of WWL Louisiana reports.",2025-11-05 19:42:49
NOR,Taliese Fuaga,OT,Nov 9,Doubtful,"Nov 3: Head coach Kellen Moore told reporters Monday that Fuaga is considered week-to-week after sustaining a high-ankle sprain in Sunday's 34-10 loss to the Rams, Ross Jackson of WWL Louisiana reports.",2025-11-05 19:42:49
NOR,Erik McCoy,C,Feb 9,Injured Reserve,Oct 21: New Orleans placed McCoy (biceps) on its injured reserve list Tuesday.,2025-11-05 19:42:49
NOR,Kendre Miller,RB,Feb 9,Injured Reserve,Oct 21: The Saints placed Miller (knee) on injured reserve Tuesday.,2025-11-05 19:42:49
NOR,Trey Palmer,WR,Nov 9,Injured Reserve,Oct 4: The Saints placed Palmer (ankle) on injured reserve Saturday.,2025-11-05 19:42:49
NOR,Vernon Broughton,DT,Nov 9,Injured Reserve,Sep 17: The Saints placed Broughton (hip) on injured reserve Wednesday.,2025-11-05 19:42:49
NOR,Julian Blackmon,S,Feb 9,Injured Reserve,"Sep 13: The Saints placed Blackmon (shoulder) on injured reserve Saturday, Matthew Paras of The New Orleans Times-Picayune reports.",2025-11-05 19:42:49
NOR,Ja'Lynn Polk,WR,Feb 9,Injured Reserve,"Sep 13: The Patriots traded Polk (shoulder) and a 2028 seventh-round pick to the Saints for a 2027 sixth-round pick Saturday, Dianna Russini of The Athletic reports.",2025-11-05 19:42:49
NOR,Barry Wesley,OT,Nov 9,Injured Reserve,"Aug 27: New Orleans placed Wesley (undisclosed) on its injured reserve list with a designation to return Tuesday, Ross Jackson of WWL Louisiana reports.",2025-11-05 19:42:49
NOR,Landon Young,OT,Feb 9,Injured Reserve,"Aug 27: New Orleans placed Young (ankle) on its injured reserve list Tuesday, Ross Jackson of WWL Louisiana reports.",2025-11-05 19:42:49
NOR,Mason Pline,TE,Feb 9,Injured Reserve,"Aug 13: Pline (upper body) reverted to injured reserve with the Saints on Wednesday, Aaron Wilson of KPRC 2 Houston reports.",2025-11-05 19:42:49
NOR,Bub Means,WR,Feb 9,Injured Reserve,"Aug 13: The Saints placed Means (lower leg) on the injured reserve list Wednesday, Ross Jackson of WWL Louisiana reports.",2025-11-05 19:42:49
NOR,Will Clapp,C,Feb 9,Injured Reserve,"Aug 12: Clapp (foot) was placed on the Saints' injured reserve list Tuesday, Ross Jackson of WWL Louisiana reports.",2025-11-05 19:42:49
NOR,Nick Saldiveri,OT,Feb 9,Injured Reserve,"Aug 3: Saldiveri (knee) was placed on injured reserve Saturday, Mike Triplett of NewOrleans.Football reports.",2025-11-05 19:42:49
NYG,Anthony Johnson Jr.,S,Nov 9,Out,,2025-11-05 19:42:49
NYG,Jermaine Eluemunor,OT,Nov 9,Questionable,,2025-11-05 19:42:49
NYG,Dru Phillips,CB,Nov 9,Questionable,,2025-11-05 19:42:49
NYG,Rakeem Nunez-Roches,DT,Nov 9,Questionable,,2025-11-05 19:42:49
NYG,Neville Hewitt,LB,Nov 9,Questionable,,2025-11-05 19:42:49
NYG,Thomas Fidone II,TE,Nov 9,Questionable,,2025-11-05 19:42:49
NYG,Victor Dimukeje,LB,Nov 9,Questionable,,2025-11-05 19:42:49
NYG,Graham Gano,PK,Nov 9,Questionable,"Nov 5: Gano didn't practice Wednesday due to a neck injury, Dan Salomone of the Giants' official site reports.",2025-11-05 19:42:49
NYG,Theo Johnson,TE,Nov 9,Questionable,"Nov 5: Johnson was limited at Wednesday's practice due to a shoulder injury, Dan Salomone of the Giants' official site reports.",2025-11-05 19:42:49
NYG,Jevon Holland,S,Nov 9,Questionable,,2025-11-05 19:42:49
NYG,Chauncey Golston,DE,Nov 9,Questionable,,2025-11-05 19:42:49
NYG,Cor'Dale Flott,CB,Nov 9,Questionable,,2025-11-05 19:42:49
NYG,Paulson Adebo,CB,Nov 9,Questionable,,2025-11-05 19:42:49
NYG,John Michael Schmitz Jr.,C,Nov 9,Questionable,"Nov 2: Schmitz (shin) has been ruled out for the rest of Sunday's game against the 49ers, Pat Leonard of the New York Daily News reports.",2025-11-05 19:42:49
NYG,Beaux Collins,WR,Nov 9,Questionable,"Nov 2: Collins (neck) has been ruled out for the rest of Sunday's game against the 49ers, Dan Salomone of the Giants' official site reports.",2025-11-05 19:42:49
NYG,Darius Muasau,LB,Nov 9,Questionable,"Nov 2: Muasau (ankle) has been ruled out for the remainder of Sunday's game against the 49ers, Dan Salomone of the Giants' official site reports.",2025-11-05 19:42:49
NYG,Art Green,CB,Dec 1,Injured Reserve,"Nov 1: Green (hamstring) was placed on the reserved/injured list Saturday, Dan Salomone of the Giants' official site reports.",2025-11-05 19:42:49
NYG,Malik Nabers,WR,Feb 9,Injured Reserve,"Oct 28: Nabers underwent successful surgery Tuesday to repair a torn ACL and meniscus in his right knee, Dan Salomone of the Giants' official site reports.",2025-11-05 19:42:49
NYG,Cam Skattebo,RB,Feb 9,Injured Reserve,"Oct 28: New York placed Skattebo (ankle) on injured reserve Tuesday, Dan Salomone of the Giants' official site reports.",2025-11-05 19:42:49
NYG,Chris Board,LB,Nov 9,Injured Reserve,"Sep 16: The Giants placed Board (chest) on injured reserve Tuesday, Dan Salomone of the Giants' official site reports.",2025-11-05 19:42:49
NYG,Micah McFadden,LB,Nov 9,Injured Reserve,Sep 11: The Giants placed McFadden (foot) on injured reserve Thursday.,2025-11-05 19:42:49
NYG,Joshua Ezeudu,G,Nov 9,Injured Reserve,"Aug 27: Ezeudu (undisclosed) was placed on injured reserve with a designation to return Tuesday, Dan Salomone of the Giants' official website reports.",2025-11-05 19:42:49
NYG,Da'Quan Felton,WR,Feb 9,Injured Reserve,"Aug 27: Felton (undisclosed) reverted to injured reserve with the Giants on Wednesday, per the NFL's official transaction log.",2025-11-05 19:42:49
NYG,Eric Gray,RB,Nov 9,Out,"Aug 26: Gray was moved to the reserve/PUP list by the Giants on Tuesday, Dan Salomone of the team's official website reports.",2025-11-05 19:42:49
NYG,TJ Moore,CB,Feb 9,Injured Reserve,Aug 24: The Giants placed Moore (upper leg) on injured reserve Sunday.,2025-11-05 19:42:49
NYJ,Kene Nwangwu,RB,Nov 9,Questionable,"Nov 5: Nwangwu (concussion) was a full participant at practice Wednesday, Scott Petrak of the Elyria Chronicle-Telegram reports.",2025-11-05 19:42:49
NYJ,Kiko Mauigoa,LB,Nov 9,Questionable,"Nov 5: Mauigoa (concussion) was a limited participant in Wednesday's practice, Scott Petrak of the Elyria Chronicle-Telegram reports.",2025-11-05 19:42:49
NYJ,Garrett Wilson,WR,Nov 9,Questionable,"Nov 5: Wilson (knee) was limited at practice Wednesday, Mary Kay Cabot of The Cleveland Plain Dealer reports.",2025-11-05 19:42:49
NYJ,Andre Cisco,S,Feb 9,Injured Reserve,Nov 5: Cisco (pectoral) was placed on the injured reserve list Wednesday.,2025-11-05 19:42:49
NYJ,Cam Jones,LB,Nov 30,Injured Reserve,Oct 25: The Jets placed Jones (hip) on injured reserve Saturday.,2025-11-05 19:42:49
NYJ,Josh Reynolds,WR,Nov 30,Injured Reserve,Oct 25: The Jets placed Reynolds (hip) on injured reserve Saturday.,2025-11-05 19:42:49
NYJ,Braelon Allen,RB,Nov 30,Injured Reserve,"Oct 3: Coach Aaron Glenn revealed Friday that Allen (knee) is expected to miss 8-12 weeks, Rich Cimini of ESPN.com reports.",2025-11-05 19:42:49
NYJ,Marcelino McCrary-Ball,LB,Nov 9,Injured Reserve,Sep 23: The Jets placed McCrary-Ball (hamstring) on injured reserve Tuesday.,2025-11-05 19:42:49
NYJ,Alijah Vera-Tucker,G,Feb 9,Injured Reserve,"Sep 6: Vera-Tucker (triceps) was placed on injured reserve Saturday, Rich Cimini of ESPN.com reports.",2025-11-05 19:42:49
NYJ,Byron Cowart,DT,Feb 9,Injured Reserve,"Aug 27: The Jets placed Cowart (ankle) on injured reserve Tuesday, Randy Lange and Eric Allen of the team's official site reports.",2025-11-05 19:42:49
NYJ,Irvin Charles,WR,Nov 9,Out,Aug 26: The Jets placed Charles (knee) on the reserve/PUP list Tuesday.,2025-11-05 19:42:49
NYJ,Kris Boyd,CB,Feb 9,Injured Reserve,Aug 18: The Jets placed Boyd (shoulder) on injured reserve Monday.,2025-11-05 19:42:49
NYJ,Gus Hartwig,C,Feb 9,Injured Reserve,"Jul 31: Hartwig (undisclosed) reverted to the Jets' injured-reserve list Wednesday, Aaron Wilson of KPRC 2 Houston reports.",2025-11-05 19:42:49
PHI,Nolan Smith Jr.,LB,Nov 10,Injured Reserve,Nov 4: Philadelphia designated Smith (triceps) for return to practice from its injured reserve list Tuesday.,2025-11-05 19:42:49
PHI,Azeez Ojulari,LB,Dec 8,Injured Reserve,,2025-11-05 19:42:49
PHI,Cam Jurgens,C,Nov 10,Questionable,,2025-11-05 19:42:49
PHI,Adoree' Jackson,CB,Nov 10,Questionable,,2025-11-05 19:42:49
PHI,A.J. Brown,WR,Nov 10,Questionable,,2025-11-05 19:42:49
PHI,Marcus Epps,S,Dec 8,Injured Reserve,Nov 1: Epps (undisclosed) was placed  on injured reserve Saturday.,2025-11-05 19:42:49
PHI,Saquon Barkley,RB,Nov 10,Questionable,"Oct 26: Barkley (groin) was confident following Sunday's 38-20 win against the Giants that he'll be available for the Eagles' next game Monday, Nov. 10 at Green Bay, Eliot Shorr-Parks of Sports Radio 94 WIP Philadelphia reports.",2025-11-05 19:42:49
PHI,Jakorian Bennett,CB,Nov 10,Injured Reserve,Oct 24: Bennett (pectoral) is officially listed as out for Sunday's game versus the Giants.,2025-11-05 19:42:49
PHI,Charley Hughlett,LS,Nov 10,Injured Reserve,"Oct 1: Hughlett (abdomen) underwent successful surgery Tuesday and will return in a couple of months, NFL agent Brett Tessler reports.",2025-11-05 19:42:49
PHI,Ogbo Okoronkwo,DE,Feb 9,Injured Reserve,Sep 30: Philadelphia placed Okoronkwo (triceps) on its injured reserve list Tuesday.,2025-11-05 19:42:49
PHI,Cameron Williams,OT,Nov 10,Injured Reserve,Sep 13: The Eagles placed Williams (shoulder) on injured reserve Saturday.,2025-11-05 19:42:49
PHI,Ben VanSumeren,FB,Nov 10,Injured Reserve,"Sep 5: VanSumeren was diagnosed with a torn patella tendon Friday, Adam Schefter of ESPN reports.",2025-11-05 19:42:49
PHI,Willie Lampkin,C,Nov 10,Injured Reserve,Aug 29: The Eagles placed Lampkin (leg) on injured reserve Friday.,2025-11-05 19:42:49
PHI,Myles Hinton,OT,Nov 10,Injured Reserve,Aug 27: Hinton (undisclosed) was placed on injured reserve Tuesday.,2025-11-05 19:42:49
PHI,Johnny Wilson,WR,Feb 9,Injured Reserve,"Aug 22: The Eagles placed Wilson (knee) on injured reserve Friday, Jeff McLane of The Philadelphia Inquirer reports.",2025-11-05 19:42:49
PIT,Darnell Washington,TE,Nov 9,Questionable,,2025-11-05 19:42:49
PIT,Alex Highsmith,LB,Nov 9,Questionable,"Nov 4: Highsmith recorded four tackles (three solo), including 2.0 sacks, one pass defense and one forced fumble during the Steelers' 27-20 win over the Colts on Sunday.",2025-11-05 19:42:49
PIT,Scotty Miller,WR,Nov 9,Questionable,,2025-11-05 19:42:49
PIT,Cole Holcomb,LB,Nov 9,Questionable,,2025-11-05 19:42:49
PIT,Jabrill Peppers,S,Nov 9,Questionable,,2025-11-05 19:42:49
PIT,Isaac Seumalo,G,Nov 9,Questionable,"Nov 2: Seumalo has a pectoral injury and is out for the rest of Sunday's game against the Colts, Ray Fittipaldo of the Pittsburgh Post-Gazette reports.",2025-11-05 19:42:49
PIT,Cory Trice Jr.,CB,Nov 9,Injured Reserve,"Nov 1: Trice (hamstring) suffered a knee injury during Thursday's practice, Alan Saunders of SteelersNow.com reports.",2025-11-05 19:42:49
PIT,Daniel Ekuale,DT,Feb 9,Injured Reserve,Oct 31: The Steelers placed Ekuale (knee) on injured reserve Friday.,2025-11-05 19:42:49
PIT,DeShon Elliott,S,Nov 30,Injured Reserve,Oct 31: The Steelers placed Elliott (knee) on injured reserve Friday.,2025-11-05 19:42:49
PIT,Will Howard,QB,Nov 9,Injured Reserve,"Oct 25: Howard (hand) will remain on injured reserve and has been ruled out for Sunday's game against the Packers, per the NFL's transaction log.",2025-11-05 19:42:49
PIT,Miles Killebrew,S,Feb 9,Injured Reserve,"Oct 21: Killebrew (knee) will miss the remainder of the season, Brooke Pryor of ESPN reports.",2025-11-05 19:42:49
PIT,Max Scharping,G,Feb 9,Injured Reserve,"Sep 20: The Steelers placed Scharping (knee) on injured reserve Saturday, Teresa Varley of the team's official site reports.",2025-11-05 19:42:49
PIT,Isaiahh Loudermilk,DT,Nov 9,Injured Reserve,"Sep 17: Loudermilk (ankle) was placed on injured reserve Wednesday, Teresa Varley of the Steelers' official site reports.",2025-11-05 19:42:49
PIT,Skylar Thompson,QB,Nov 9,Injured Reserve,"Sep 10: Thompson (hamstring) was placed on injured reserve Wednesday, Teresa Varley of the Steelers' official site reports.",2025-11-05 19:42:49
PIT,Donte Kent,CB,Nov 9,Injured Reserve,"Aug 28: The Steelers placed Kent on injured reserve Thursday due to a foot injury, Teresa Varley of the team's official site reports.",2025-11-05 19:42:49
PIT,Dean Lowry,DT,Feb 9,Injured Reserve,"Aug 3: Lowry was placed on injured reserve due to a knee injury Saturday, Ray Fittipaldo of the Pittsburgh Post-Gazette reports.",2025-11-05 19:42:49
PIT,Jacob Slade,DT,Feb 9,Injured Reserve,,2025-11-05 19:42:49
PIT,Donald Parham Jr.,TE,Feb 9,Injured Reserve,"Jun 5: Parham (Achilles) was placed on injured reserve by the Steelers on Thursday, Mike DeFabo of The Athletic reports.",2025-11-05 19:42:49
SFO,Ricky Pearsall,WR,Nov 9,Questionable,"Nov 5: Pearsall (knee) isn't practicing Wednesday, Matt Barrows of The Athletic reports.",2025-11-05 19:42:49
SFO,Brandon Aiyuk,WR,Nov 16,Out,"Nov 5: San Francisco head coach Kyle Shanahan said Wednesday that he's ""pretty confident"" Aiyuk (knee) will play at some point this season, David Lombardi of SFStandard.com reports.",2025-11-05 19:42:49
SFO,Brock Purdy,QB,Nov 9,Questionable,"Nov 5: Coach Kyle Shanahan said Purdy (toe) will be limited at Wednesday's practice, Matt Barrows of The Athletic reports.",2025-11-05 19:42:49
SFO,Bryce Huff,DE,Nov 9,Questionable,,2025-11-05 19:42:49
SFO,Jake Brendel,C,Nov 9,Questionable,,2025-11-05 19:42:49
SFO,Mykel Williams,DE,Feb 9,Out,"Nov 3: Head coach Kyle Shanahan said Monday that Williams tore his ACL during the fourth quarter of Sunday's 34-24 win over the Giants, Matt Barrows and Dianna Russini of The Athletic report.",2025-11-05 19:42:49
SFO,Ben Bartch,G,Nov 9,Injured Reserve,Nov 1: Bartch (ankle) has been ruled out  ahead of Sunday's game against the Giants.,2025-11-05 19:42:49
SFO,Yetur Gross-Matos,DE,Nov 30,Injured Reserve,Nov 1: Gross-Matos (knee) was placed  on injured reserve Saturday.,2025-11-05 19:42:49
SFO,Fred Warner,LB,Feb 9,Injured Reserve,Oct 18: The 49ers placed Warner (ankle) on injured reserve Saturday.,2025-11-05 19:42:49
SFO,Jacob Cowing,WR,Nov 9,Injured Reserve,"Oct 17: Head coach Kyle Shanahan said Friday that Cowing (hamstring) is ""getting close"" to returning from injured reserve, Nick Wagoner of ESPN.com reports.",2025-11-05 19:42:49
SFO,Nick Bosa,DE,Feb 9,Injured Reserve,"Sep 26: Bosa (knee) underwent surgery to address his torn ACL on Friday, Cam Inman of The San Jose Mercury News reports.",2025-11-05 19:42:49
SFO,Jakob Robinson,CB,Feb 9,Injured Reserve,Aug 27: Robinson (forearm) was placed on injured reserve Tuesday.,2025-11-05 19:42:49
SFO,Kurtis Rourke,QB,Nov 9,Out,Aug 26: Rourke (knee) was placed on the reserve/non-football injury list Tuesday.,2025-11-05 19:42:49
SFO,Patrick Taylor Jr.,RB,Feb 9,Injured Reserve,"Aug 19: Taylor will undergo season-ending surgery to repair a fracture in his shoulder, Nick Wagoner of ESPN.com reports.",2025-11-05 19:42:49
SFO,Tarron Jackson,DE,Feb 9,Injured Reserve,"Jul 29: Jackson (undisclosed) was discharged from the hospital and returned to the 49ers' training camp Monday, Matt Maiocco of NBC Sports Bay Area reports.",2025-11-05 19:42:49
SFO,Trent Taylor,WR,Feb 9,Injured Reserve,Jun 3: The 49ers placed Taylor (undisclosed) on injured reserve Tuesday.,2025-11-05 19:42:49
SFO,Tre Tomlinson,CB,Feb 9,Injured Reserve,"May 13: Tomlinson (undisclosed) reverted to the 49ers' injured reserve Tuesday, per the NFL's transaction log.",2025-11-05 19:42:49
SEA,AJ Barner,TE,Nov 9,Questionable,"Nov 5: Barner was limited at Wednesday's walkthrough due to a calf injury, John Boyle of the Seahawks' official site reports.",2025-11-05 19:42:49
SEA,Cooper Kupp,WR,Nov 9,Questionable,"Nov 5: Kupp (hamstring/heel) was a non-participant at Wednesday's walkthrough, John Boyle of the Seahawks' official site reports.",2025-11-05 19:42:49
SEA,Dareke Young,WR,Nov 9,Questionable,,2025-11-05 19:42:49
SEA,Jake Bobo,WR,Nov 9,Questionable,,2025-11-05 19:42:49
SEA,Ernest Jones IV,LB,Nov 9,Questionable,Nov 2: Jones (knee) has been ruled out for the remainder of Sunday night's contest against the Commanders.,2025-11-05 19:42:49
SEA,Josh Jobe,CB,Nov 9,Questionable,Nov 2: Jobe (concussion) has been ruled out for the remainder of Sunday night's contest against the Commanders.,2025-11-05 19:42:49
SEA,Eric Saubert,TE,Nov 30,Injured Reserve,"Nov 1: Saubert (calf) was placed on injured reserve Saturday, John Boyle of the Seahawks' official site reports.",2025-11-05 19:42:49
SEA,Julian Love,S,Nov 30,Injured Reserve,"Nov 1: Love (hamstring) was placed on injured reserve Saturday, John Boyle of the Seahawks' official site reports.",2025-11-05 19:42:49
SEA,Christian Haynes,G,Nov 9,Injured Reserve,"Oct 31: Haynes (pectoral) has been ruled out ahead of Sunday's Week 9 matchup against the Commanders, Michael-Shawn Dugar of The Athletic reports.",2025-11-05 19:42:49
SEA,Rylie Mills,DT,Dec 7,Out,"Oct 21: Mills (knee) is expected to be sidelined for another four to six weeks, John Boyle of the Seahawks' official site reports.",2025-11-05 19:42:49
SEA,Johnathan Hankins,DT,Nov 9,Out,"Oct 21: Hankins (back) won't play in Seattle's Week 9 matchup versus the Commanders, Corbin K. Smith of SI.com reports.",2025-11-05 19:42:49
SEA,AJ Finley,S,Feb 9,Injured Reserve,"Aug 4: The Seahawks placed Finley (knee) on injured reserve Monday, Corbin K. Smith of SI.com reports.",2025-11-05 19:42:49
SEA,Kenny McIntosh,RB,Feb 9,Injured Reserve,"Jul 28: The Seahawks placed McIntosh (knee) on injured reserve Monday, Curtis Crabtree of Fox 13 Seattle reports.",2025-11-05 19:42:49
TAM,Markees Watts,LB,Nov 9,Questionable,,2025-11-05 19:42:49
TAM,Bucky Irving,RB,Nov 9,Questionable,Nov 5: Irving (foot/shoulder) didn't practice Wednesday.,2025-11-05 19:42:49
TAM,Chris Godwin Jr.,WR,Nov 9,Questionable,"Nov 5: Godwin (lower leg) is not expected to participate in Wednesday's practice, Rick Stroud of the Tampa Bay Times reports.",2025-11-05 19:42:49
TAM,Haason Reddick,LB,Nov 9,Questionable,,2025-11-05 19:42:49
TAM,Luke Goedeke,OT,Nov 9,Injured Reserve,"Nov 3: The Buccaneers designated Goedeke (foot) to return from injured reserve Monday, Scott Smith of the team's official site reports.",2025-11-05 19:42:49
TAM,Mike Evans,WR,Dec 21,Injured Reserve,"Oct 22: Evans is scheduled to undergo surgery this week to address a broken collarbone, for which he faces a recovery timetable of eight weeks or less, Ian Rapoport of NFL Network reports.",2025-11-05 19:42:49
TAM,Jalen McMillan,WR,Nov 9,Injured Reserve,"Oct 10: Head coach Todd Bowles said Friday that McMillan (neck) is still in a neck brace, Greg Auman of Fox Sports reports.",2025-11-05 19:42:49
TAM,Rashad Wisdom,S,Nov 9,Injured Reserve,"Sep 30: The Buccaneers placed Wisdom (quadriceps) on injured reserve Tuesday, Scott Smith of the team's official site reports.",2025-11-05 19:42:49
TAM,Ko Kieft,TE,Feb 9,Injured Reserve,"Sep 23: The Buccaneers placed Kieft on injured reserve Tuesday due to a leg injury, Greg Auman of Fox Sports reports.",2025-11-05 19:42:49
TAM,Calijah Kancey,DT,Jan 17,Injured Reserve,"Sep 21: Kancey (pectoral) is expected to miss the rest of the regular season but could return for the playoffs if the Buccaneers advance to at least the divisional round, Bobby Kownack of NFL.com reports.",2025-11-05 19:42:49
TAM,Cody Mauch,G,Feb 9,Injured Reserve,Sep 18: Tampa Bay placed Mauch (knee) on injured reserve Thursday.,2025-11-05 19:42:49
TAM,Jaden Smith,WR,Feb 9,Injured Reserve,"Aug 27: Smith (undisclosed) reverted to injured reserve Wednesday, per the NFL's transaction log.",2025-11-05 19:42:49
TAM,JJ Roberts,S,Feb 9,Injured Reserve,"Aug 18: Tampa Bay placed Roberts (knee) on injured reserve Monday, Scott Smith of the team's official website reports.",2025-11-05 19:42:49
TAM,David Walker,LB,Feb 9,Injured Reserve,"Aug 2: The Buccaneers placed Walker (knee) on injured reserve Saturday, Adam Schefter of ESPN reports.",2025-11-05 19:42:49
TEN,Xavier Woods,S,Nov 16,Out,,2025-11-05 19:42:49
TEN,Jeffery Simmons,DT,Nov 16,Out,,2025-11-05 19:42:49
TEN,Calvin Ridley,WR,Nov 16,Out,,2025-11-05 19:42:49
TEN,Bryce Oliver,WR,Nov 16,Out,,2025-11-05 19:42:49
TEN,Arden Key,LB,Nov 16,Out,,2025-11-05 19:42:49
TEN,Blake Hance,G,Dec 7,Injured Reserve,"Oct 30: Hance (shoulder) was placed on injured reserve Thursday, Jim Wyatt of the Titans' official website reports.",2025-11-05 19:42:49
TEN,Ali Gaye,LB,Nov 30,Injured Reserve,"Oct 28: The Titans placed Gaye (knee) on injured reserve Tuesday, Jim Wyatt of the team's official site reports.",2025-11-05 19:42:49
TEN,L'Jarius Sneed,CB,Nov 30,Injured Reserve,"Oct 23: Sneed (quadriceps) was placed on injured reserve Thursday, Jim Wyatt of the Titans' official site reports.",2025-11-05 19:42:49
TEN,Oluwafemi Oladejo,LB,Nov 23,Injured Reserve,Oct 14: The Titans placed Oladejo on injured reserve with a fractured leg Tuesday.,2025-11-05 19:42:49
TEN,Mike Brown,S,Nov 16,Injured Reserve,"Oct 4: The Titans placed Brown (knee) on injured reserve Saturday, Jim Wyatt of the team's official site reports.",2025-11-05 19:42:49
TEN,Kalel Mullings,RB,Nov 16,Injured Reserve,"Sep 26: Mullings (ankle) was placed on injured reserve Friday, Jim Wyatt of the Titans' official site reports.",2025-11-05 19:42:49
TEN,Anfernee Orji,LB,Feb 9,Injured Reserve,"Aug 13: Orji (knee) reverted to injured reserve with the Titans on Wednesday, per the NFL's official transaction log.",2025-11-05 19:42:49
TEN,Will Levis,QB,Feb 9,Injured Reserve,"Jul 23: Levis (shoulder) was placed on IR by the Titans on Wednesday, Jim Wyatt of the team's official site reports.",2025-11-05 19:42:49
WAS,Tyler Owens,S,Nov 9,Questionable,,2025-11-05 19:42:49
WAS,Jer'Zhan Newton,DT,Nov 9,Questionable,,2025-11-05 19:42:49
WAS,Jacory Croskey-Merritt,RB,Nov 9,Questionable,Nov 5: Croskey-Merritt (tooth) practiced on a limited basis Wednesday.,2025-11-05 19:42:49
WAS,Marshon Lattimore,CB,Feb 9,Injured Reserve,Nov 4: The Commanders placed  Lattimore (knee) on injured reserve Tuesday.,2025-11-05 19:42:49
WAS,Luke McCaffrey,WR,Dec 20,Injured Reserve,Nov 4: The Commanders placed McCaffrey (collarbone) on injured reserve Tuesday.,2025-11-05 19:42:49
WAS,Colson Yankoff,TE,Nov 9,Questionable,,2025-11-05 19:42:49
WAS,Terry McLaurin,WR,Nov 9,Questionable,,2025-11-05 19:42:49
WAS,Jayden Daniels,QB,Dec 14,Out,"Nov 3: Head coach Dan Quinn confirmed that Daniels sustained a dislocated elbow in Sunday's 38-14 loss to the Seahawks, and the Commanders expect the quarterback to be ""out for a while, for sure,"" John Keim of ESPN.com reports.",2025-11-05 19:42:49
WAS,Quan Martin,S,Nov 9,Questionable,Nov 2: Martin (hamstring) is questionable to return to Sunday night's contest against Seattle.,2025-11-05 19:42:49
WAS,Eddie Goldman,DT,Nov 9,Questionable,Nov 2: Goldman is being evaluated for a possible concussion during Sunday night's contest against the Seahawks.,2025-11-05 19:42:49
WAS,Trey Amos,CB,Nov 9,Questionable,Nov 2: Amos (hip) is questionable to return to Sunday night's contest against the Seahawks.,2025-11-05 19:42:49
WAS,Dorance Armstrong,DE,Feb 9,Injured Reserve,"Oct 20: Coach Dan Quinn said Monday that Armstrong (knee) will miss the remainder of the season, Commanders writer Ben Standig reports.",2025-11-05 19:42:49
WAS,Drake Jackson,DE,Nov 16,Injured Reserve,Oct 16: The Commanders placed Jackson (foot) on injured reserve Thursday.,2025-11-05 19:42:49
WAS,Noah Brown,WR,Nov 16,Injured Reserve,Oct 15: The Commanders placed Brown (groin/knee) on injured reserve Wednesday.,2025-11-05 19:42:49
WAS,Javontae Jean-Baptiste,DE,Nov 9,Injured Reserve,Oct 1: Jean-Baptiste (pectoral) was placed on injured reserve Wednesday.,2025-11-05 19:42:49
WAS,Will Harris,S,Nov 9,Injured Reserve,"Sep 22: The Commanders placed Harris (leg) on injured reserve Monday, Zach Selby of the team's official site reports.",2025-11-05 19:42:49
WAS,Deatrich Wise Jr.,DE,Feb 9,Injured Reserve,Sep 15: Washington placed Wise (quadriceps) on injured reserve Monday.,2025-11-05 19:42:49
WAS,Austin Ekeler,RB,Feb 9,Injured Reserve,Sep 15: The Commanders officially placed Ekeler (Achilles) on injured reserve Monday.,2025-11-05 19:42:49
WAS,Lucas Niang,OT,Feb 9,Injured Reserve,Aug 11: Niang (knee) was placed on injured reserve Monday.,2025-11-05 19:42:49
WAS,Tyree Jackson,TE,Feb 9,Injured Reserve,Aug 2: The Commanders placed Jackson (undisclosed) on injured reserve Saturday.,2025-11-05 19:42:49
