,team,pass_cmp,pass_att,pass_yd,pass_td,pass_int,sacks,rush_att,rush_yd,rush_td,targets,rec,rec_yd,rec_td,off_fum,def_pass_cmp,def_pass_att,def_pass_yd,def_pass_td,def_int,def_sacks,def_rush_att,def_rush_yd,def_rush_td,def_targets,def_rec,def_rec_yd,def_rec_td,def_fum,opps,games,next_op,next_game_location,next_game_week
0,ARI,24.86111111111111,36.84848484848485,234.86565656565656,1.1353535353535353,1.1555555555555557,2.9575757575757575,24.623232323232326,123.9530303030303,0.5,35.39646464646464,24.86111111111111,234.86565656565656,1.1353535353535353,0.4853535353535353,0.0,0.0,0.0,0.0,0.0,0.0,0.0,0.0,0.0,0.0,0.0,0.0,0.0,0.0,"['NOR', 'CAR', 'Arizona Cardinals', 'Arizona Cardinals', 'Arizona Cardinals', 'Arizona Cardinals', 'Arizona Cardinals', 'New England Patriots', 'Arizona Cardinals', 'Arizona Cardinals']",10.0,IND,AWAY,6.0
1,ATL,20.973051948051946,33.53409090909091,246.302886002886,0.6,1.392929292929293,1.5035714285714286,35.55955988455989,149.63805916305915,1.315079365079365,32.99116161616161,20.973051948051946,246.302886002886,0.6,1.1587662337662337,8.620454545454546,14.54090909090909,83.22272727272727,0.425,0.1818181818181818,0.3159090909090909,10.618181818181817,40.63409090909091,0.30681818181818177,14.159090909090907,8.620454545454544,83.22272727272727,0.425,0.21590909090909088,"['ATL', 'Minnesota Vikings', 'ATL', 'Washington Commanders', 'Atlanta Falcons', 'Atlanta Falcons', 'Las Vegas Raiders', 'New York Giants', 'Atlanta Falcons']",9.0,BUF,HOME,6.0
2,Arizona Cardinals,0.0,0.0,0.0,0.0,0.0,0.0,0.0,0.0,0.0,0.0,0.0,0.0,0.0,0.0,34.13333333333333,51.292929292929294,342.95454545454544,1.6575757575757575,1.2666666666666666,4.146464646464646,36.101010101010104,174.7141414141414,0.9333333333333333,48.23535353535353,34.13333333333333,342.95454545454544,1.6575757575757575,0.9242424242424242,,,,BYE,
3,Atlanta Falcons,0.0,0.0,0.0,0.0,0.0,0.0,0.0,0.0,0.0,0.0,0.0,0.0,0.0,0.0,14.499358974358975,22.346153846153847,176.06068376068376,1.0583333333333333,0.9611111111111111,1.8901709401709401,19.232692307692307,89.53269230769232,0.8111111111111111,22.110042735042736,14.499358974358977,176.06068376068376,1.0583333333333333,0.814957264957265,,,,BYE,
4,BAL,17.327272727272728,24.797474747474748,212.15732323232322,2.45530303030303,0.2361111111111111,2.5005050505050503,28.350757575757576,167.67424242424244,0.975,23.970454545454544,17.327272727272728,212.15732323232322,2.45530303030303,1.2353535353535354,14.178282828282828,19.88712121212121,162.64974747474747,1.3315656565656564,0.1111111111111111,1.465151515151515,17.891161616161614,105.23989898989899,1.3588383838383837,19.031060606060603,14.178282828282828,162.64974747474747,1.3315656565656564,0.7770202020202019,"['BAL', 'CLE', 'BAL', 'BAL', 'Los Angeles Chargers', 'Baltimore Ravens', 'New York Giants', 'Pittsburgh Steelers', 'Houston Texans']",9.0,LAR,HOME,6.0
5,BUF,16.624192474192473,25.198892773892773,212.54139194139194,1.6923160173160172,0.18333333333333335,0.6996503496503497,25.455203130203127,131.77524975024974,2.051656676656677,24.300890775890775,16.624192474192476,212.54139194139194,1.6923160173160172,0.4587412587412587,0.0,0.0,0.0,0.0,0.0,0.0,0.0,0.0,0.0,0.0,0.0,0.0,0.0,0.0,"['BAL', 'NYJ', 'MIA', 'NOR', 'San Francisco 49ers', 'Buffalo Bills', 'Detroit Lions', 'New England Patriots', 'New York Jets']",9.0,ATL,AWAY,6.0
6,Baltimore Ravens,0.0,0.0,0.0,0.0,0.0,0.0,0.0,0.0,0.0,0.0,0.0,0.0,0.0,0.0,4.25,6.875,44.375,0.375,0.0,0.625,8.125,38.25000000000001,0.25,6.5,4.25,44.375,0.375,0.625,,,,BYE,
7,Buffalo Bills,0.0,0.0,0.0,0.0,0.0,0.0,0.0,0.0,0.0,0.0,0.0,0.0,0.0,0.0,5.305555555555555,7.958333333333333,78.30555555555556,0.5972222222222222,0.0,0.0,6.791666666666667,28.097222222222225,0.7083333333333333,7.958333333333334,5.305555555555556,78.30555555555556,0.5972222222222222,0.0,,,,BYE,
8,CAR,20.90858585858586,34.848484848484844,215.94040404040402,1.3838383838383839,0.6464646464646464,2.4580808080808083,24.454545454545453,102.98232323232324,0.9151515151515152,32.477777777777774,20.90858585858586,215.94040404040405,1.3838383838383839,0.9186868686868687,11.987373737373737,19.12121212121212,123.34343434343434,0.9343434343434343,0.5151515151515151,0.6691919191919191,14.828282828282829,64.50757575757575,0.47474747474747475,18.22222222222222,11.987373737373737,123.34343434343434,0.9343434343434343,0.28535353535353536,"['CAR', 'CAR', 'ATL', 'CAR', 'Carolina Panthers', 'Carolina Panthers', 'Carolina Panthers', 'Carolina Panthers', 'Arizona Cardinals', 'Carolina Panthers']",10.0,DAL,HOME,6.0
9,CHI,26.484920634920634,42.94880952380952,289.4555555555556,2.221825396825397,0.3678571428571428,4.231349206349206,28.434126984126983,110.43769841269841,0.47896825396825393,41.33968253968254,26.484920634920634,289.4555555555556,2.221825396825397,1.4023809523809523,8.358333333333334,12.488888888888889,98.00833333333334,1.0611111111111111,0.22499999999999998,0.9972222222222222,11.838888888888889,59.32222222222222,0.5361111111111111,12.377777777777776,8.358333333333334,98.00833333333333,1.0611111111111111,0.3111111111111111,"['CHI', 'CHI', 'DAL', 'Las Vegas Raiders', 'Chicago Bears', 'Chicago Bears', 'Chicago Bears', 'Chicago Bears', 'Chicago Bears', 'Chicago Bears']",10.0,WAS,AWAY,6.0
10,CIN,24.233080808080807,34.41919191919192,250.36414141414141,2.1560606060606062,0.8707070707070708,3.4186868686868688,20.202525252525252,76.60681818181818,0.5381313131313131,33.106818181818184,24.233080808080807,250.36414141414141,2.1560606060606062,1.077020202020202,0.0,0.0,0.0,0.0,0.0,0.0,0.0,0.0,0.0,0.0,0.0,0.0,0.0,0.0,"['CLE', 'Jacksonville Jaguars', 'Cincinnati Bengals', 'Cincinnati Bengals', 'Cincinnati Bengals', 'Dallas Cowboys', 'Tennessee Titans', 'Cleveland Browns', 'Denver Broncos']",9.0,GNB,AWAY,6.0
11,CLE,22.68181818181818,38.81818181818182,216.34242424242424,0.8272727272727272,1.8292929292929294,2.5929292929292926,23.245454545454546,97.26262626262626,0.8151515151515152,36.163636363636364,22.681818181818183,216.34242424242424,0.8272727272727272,1.106060606060606,12.355050505050505,20.55681818181818,118.79166666666666,0.9926767676767676,0.5838383838383838,1.3022727272727272,14.860858585858585,44.48838383838384,0.427020202020202,19.21641414141414,12.355050505050505,118.79166666666666,0.9926767676767676,0.2727272727272727,"['CLE', 'CLE', 'Green Bay Packers', 'CLE', 'Pittsburgh Steelers', 'Cleveland Browns', 'Cleveland Browns', 'Cleveland Browns', 'Cleveland Browns', 'Cleveland Browns']",10.0,PIT,AWAY,6.0
12,Carolina Panthers,0.0,0.0,0.0,0.0,0.0,0.0,0.0,0.0,0.0,0.0,0.0,0.0,0.0,0.0,21.354545454545455,33.510858585858585,240.81565656565655,1.9838383838383837,0.5555555555555556,3.265656565656566,29.19419191919192,146.20277777777778,0.6694444444444444,31.52550505050505,21.354545454545455,240.81565656565658,1.9838383838383837,1.2714646464646464,,,,BYE,
13,Chicago Bears,0.0,0.0,0.0,0.0,0.0,0.0,0.0,0.0,0.0,0.0,0.0,0.0,0.0,0.0,30.352849927849928,47.53517316017316,347.48333333333335,2.3544011544011543,0.3170995670995671,4.757611832611833,34.88993506493507,152.23189033189033,0.7857864357864358,45.13109668109668,30.352849927849928,347.48333333333335,2.3544011544011543,1.4273809523809524,,,,BYE,
14,Cincinnati Bengals,0.0,0.0,0.0,0.0,0.0,0.0,0.0,0.0,0.0,0.0,0.0,0.0,0.0,0.0,12.732323232323232,18.44570707070707,141.655303030303,1.0151515151515151,0.4444444444444444,1.5921717171717171,13.443181818181818,61.405303030303024,0.5429292929292929,17.70959595959596,12.732323232323232,141.655303030303,1.0151515151515151,0.7297979797979798,,,,BYE,
15,Cleveland Browns,0.0,0.0,0.0,0.0,0.0,0.0,0.0,0.0,0.0,0.0,0.0,0.0,0.0,0.0,21.764898989898988,36.05555555555556,225.1909090909091,1.4785353535353534,1.3212121212121213,2.680808080808081,25.943939393939395,111.01919191919193,0.6595959595959596,33.53181818181818,21.76489898989899,225.1909090909091,1.4785353535353534,0.9179292929292929,,,,BYE,
16,DAL,23.13939393939394,34.121212121212125,229.83939393939394,1.4984848484848485,0.6499999999999999,1.2075757575757575,25.243939393939396,115.37575757575758,0.7818181818181817,33.43939393939394,23.13939393939394,229.83939393939394,1.4984848484848485,1.0151515151515151,15.64040404040404,21.475757575757576,160.53636363636363,1.117171717171717,0.29999999999999993,0.502020202020202,17.426262626262627,77.83131313131312,0.9151515151515152,20.106060606060606,15.64040404040404,160.53636363636363,1.117171717171717,0.2909090909090909,"['DAL', 'NYG', 'DAL', 'DAL', 'Washington Commanders', 'New York Giants', 'Dallas Cowboys', 'Carolina Panthers', 'Tampa Bay Buccaneers', 'Dallas Cowboys']",10.0,CAR,AWAY,6.0
17,DEN,18.53787878787879,28.76839826839827,184.39502164502164,1.6201298701298703,0.8484848484848485,0.8917748917748918,21.46969696969697,96.57683982683983,0.7337662337662337,27.45995670995671,18.53787878787879,184.39502164502164,1.6201298701298703,0.4318181818181818,0.0,0.0,0.0,0.0,0.0,0.0,0.0,0.0,0.0,0.0,0.0,0.0,0.0,0.0,"['TEN', 'Denver Broncos', 'Denver Broncos', 'Cincinnati Bengals', 'Las Vegas Raiders', 'Cleveland Browns', 'Indianapolis Colts', 'Denver Broncos', 'Denver Broncos']",9.0,NYJ,AWAY,6.0
18,DET,29.413888888888888,41.03888888888889,322.3694444444444,2.833333333333333,0.3611111111111111,1.8416666666666666,34.28611111111111,153.2472222222222,1.7083333333333333,39.00277777777778,29.413888888888888,322.3694444444444,2.833333333333333,0.5583333333333333,5.208333333333334,6.708333333333334,43.791666666666664,0.2916666666666667,0.125,0.5,4.833333333333334,12.25,0.08333333333333334,6.583333333333332,5.208333333333334,43.791666666666664,0.2916666666666667,0.0,"['DET', 'CHI', 'BAL', 'CLE', 'Indianapolis Colts', 'Chicago Bears', 'Green Bay Packers', 'Detroit Lions', 'Chicago Bears', 'San Francisco 49ers']",10.0,KAN,AWAY,6.0
19,Dallas Cowboys,0.0,0.0,0.0,0.0,0.0,0.0,0.0,0.0,0.0,0.0,0.0,0.0,0.0,0.0,7.777777777777778,12.0,90.47222222222221,0.9166666666666667,0.3611111111111111,0.5555555555555556,11.36111111111111,51.69444444444444,0.11111111111111112,11.777777777777777,7.777777777777778,90.47222222222221,0.9166666666666667,0.2777777777777778,,,,BYE,
20,Denver Broncos,0.0,0.0,0.0,0.0,0.0,0.0,0.0,0.0,0.0,0.0,0.0,0.0,0.0,0.0,19.949494949494948,28.52849927849928,214.238455988456,1.556998556998557,0.356060606060606,2.144300144300144,20.93181818181818,98.65259740259741,0.7968975468975469,27.783189033189032,19.949494949494948,214.238455988456,1.556998556998557,0.6414141414141414,,,,BYE,
21,Detroit Lions,0.0,0.0,0.0,0.0,0.0,0.0,0.0,0.0,0.0,0.0,0.0,0.0,0.0,0.0,6.522222222222221,9.955555555555556,91.08888888888889,0.7555555555555555,0.0,0.3333333333333333,5.066666666666666,25.03333333333333,0.5111111111111111,9.2,6.522222222222221,91.08888888888889,0.7555555555555555,0.2222222222222222,,,,BYE,
22,GNB,18.632070707070707,27.759090909090908,228.5030303030303,1.683838383838384,0.1111111111111111,1.4242424242424243,30.429040404040403,124.86464646464647,1.6345959595959596,26.067171717171718,18.632070707070707,228.5030303030303,1.683838383838384,0.6353535353535353,0.0,0.0,0.0,0.0,0.0,0.0,0.0,0.0,0.0,0.0,0.0,0.0,0.0,0.0,"['DET', 'Washington Commanders', 'Green Bay Packers', 'DAL', 'San Francisco 49ers', 'Miami Dolphins', 'Green Bay Packers', 'Seattle Seahawks', 'New Orleans Saints', 'Green Bay Packers']",10.0,CIN,HOME,6.0
23,Green Bay Packers,0.0,0.0,0.0,0.0,0.0,0.0,0.0,0.0,0.0,0.0,0.0,0.0,0.0,0.0,14.442424242424241,20.69772727272727,147.70631313131315,0.9972222222222222,0.427020202020202,1.3734848484848485,17.088383838383837,59.902272727272724,0.7492424242424243,19.88888888888889,14.442424242424241,147.70631313131312,0.9972222222222222,0.3222222222222222,,,,BYE,
24,HOU,18.8530303030303,29.39242424242424,197.78383838383837,1.2,0.8186868686868687,2.7934343434343436,20.495454545454546,81.5060606060606,0.3333333333333333,28.323737373737377,18.8530303030303,197.78383838383837,1.2,0.6075757575757575,12.35,19.594444444444445,128.22222222222223,0.5444444444444445,0.3888888888888889,1.7166666666666666,14.305555555555555,61.644444444444446,0.4888888888888889,18.772222222222222,12.35,128.22222222222223,0.5444444444444445,0.5055555555555555,"['HOU', 'HOU', 'HOU', 'TEN', 'Houston Texans', 'Jacksonville Jaguars', 'Miami Dolphins', 'Houston Texans', 'Houston Texans']",9.0,SEA,AWAY,7.0
25,Houston Texans,0.0,0.0,0.0,0.0,0.0,0.0,0.0,0.0,0.0,0.0,0.0,0.0,0.0,0.0,11.87070707070707,18.744696969696967,142.83686868686868,0.9297979797979798,0.6381313131313131,2.2732323232323233,15.388131313131314,66.80656565656565,0.4734848484848485,18.148232323232325,11.87070707070707,142.83686868686868,0.9297979797979798,0.3159090909090909,,,,BYE,
26,IND,17.123232323232322,27.71590909090909,213.46919191919193,0.9825757575757577,0.9873737373737373,0.9671717171717172,30.859343434343437,148.49671717171717,1.5866161616161616,26.853535353535353,17.123232323232322,213.46919191919193,0.9825757575757577,0.9671717171717172,0.0,0.0,0.0,0.0,0.0,0.0,0.0,0.0,0.0,0.0,0.0,0.0,0.0,0.0,"['MIA', 'Denver Broncos', 'TEN', 'Indianapolis Colts', 'Indianapolis Colts', 'New England Patriots', 'Indianapolis Colts', 'Tennessee Titans', 'Indianapolis Colts']",9.0,ARI,HOME,6.0
27,Indianapolis Colts,0.0,0.0,0.0,0.0,0.0,0.0,0.0,0.0,0.0,0.0,0.0,0.0,0.0,0.0,18.251803751803752,28.648593073593073,223.5403318903319,1.4686507936507938,0.9040404040404041,1.3373737373737375,23.969805194805197,90.16569264069264,0.880988455988456,27.27113997113997,18.251803751803752,223.5403318903319,1.4686507936507938,1.198917748917749,,,,BYE,
28,JAX,20.792424242424243,32.98459595959596,211.2378787878788,1.244949494949495,0.9742424242424241,0.9547979797979798,25.468939393939394,108.65176767676768,0.5643939393939394,31.470454545454544,20.792424242424243,211.23787878787877,1.244949494949495,0.5886363636363636,0.0,0.0,0.0,0.0,0.0,0.0,0.0,0.0,0.0,0.0,0.0,0.0,0.0,0.0,"['CAR', 'Jacksonville Jaguars', 'HOU', 'San Francisco 49ers', 'Jacksonville Jaguars', 'Tennessee Titans', 'Jacksonville Jaguars', 'Jacksonville Jaguars', 'Tennessee Titans']",9.0,SEA,HOME,6.0
29,Jacksonville Jaguars,0.0,0.0,0.0,0.0,0.0,0.0,0.0,0.0,0.0,0.0,0.0,0.0,0.0,0.0,20.969949494949496,34.05656565656565,236.72954545454547,1.5853535353535353,0.85,1.3242424242424242,21.14242424242424,86.45934343434344,0.6631313131313131,32.55959595959596,20.969949494949496,236.72954545454547,1.5853535353535353,0.49772727272727274,,,,BYE,
30,KAN,23.018181818181816,36.345454545454544,236.5,1.6818181818181819,0.09999999999999999,2.0363636363636366,24.01818181818182,103.57272727272726,0.6636363636363636,35.39090909090909,23.018181818181816,236.5,1.6818181818181819,0.4909090909090909,7.9393939393939394,12.335353535353535,84.63131313131312,0.47272727272727266,0.09999999999999999,0.8949494949494949,10.35050505050505,43.637373737373736,0.4222222222222222,12.124242424242425,7.9393939393939394,84.63131313131314,0.47272727272727266,0.302020202020202,"['KAN', 'KAN', 'NYG', 'BAL', 'Carolina Panthers', 'Las Vegas Raiders', 'Los Angeles Chargers', 'Cleveland Browns', 'Houston Texans', 'Pittsburgh Steelers']",10.0,DET,HOME,6.0
31,LAC,20.5766317016317,31.517773892773892,221.0205128205128,1.3944055944055944,0.47424242424242424,2.6421911421911424,20.773543123543124,87.08735431235431,0.6996503496503497,30.669289044289044,20.5766317016317,221.02051282051283,1.3944055944055944,1.034149184149184,0.0,0.0,0.0,0.0,0.0,0.0,0.0,0.0,0.0,0.0,0.0,0.0,0.0,0.0,"['KAN', 'Las Vegas Raiders', 'Denver Broncos', 'Los Angeles Chargers', 'Los Angeles Chargers', 'Atlanta Falcons', 'Los Angeles Chargers', 'Los Angeles Chargers', 'Denver Broncos', 'New England Patriots']",10.0,MIA,AWAY,6.0
32,LAR,20.844444444444445,31.711111111111112,241.76666666666668,1.5555555555555556,0.32222222222222224,1.511111111111111,30.211111111111112,127.22222222222223,1.0666666666666667,30.48888888888889,20.844444444444445,241.76666666666665,1.5555555555555556,0.8111111111111111,0.0,0.0,0.0,0.0,0.0,0.0,0.0,0.0,0.0,0.0,0.0,0.0,0.0,0.0,"['HOU', 'TEN', 'Los Angeles Rams', 'Indianapolis Colts', 'Los Angeles Rams', 'New Orleans Saints', 'Buffalo Bills', 'San Francisco 49ers', 'New York Jets', 'Arizona Cardinals']",10.0,BAL,AWAY,6.0
33,LVR,24.673737373737374,39.86818181818182,274.3130230880231,1.3321789321789321,1.286147186147186,3.048989898989899,28.791450216450215,119.19455266955266,0.6039682539682539,37.77507215007215,24.673737373737374,274.3130230880231,1.3321789321789321,0.8802308802308803,0.0,0.0,0.0,0.0,0.0,0.0,0.0,0.0,0.0,0.0,0.0,0.0,0.0,0.0,"['NWE', 'Las Vegas Raiders', 'Las Vegas Raiders', 'Las Vegas Raiders', 'Las Vegas Raiders', 'Las Vegas Raiders', 'Las Vegas Raiders', 'Las Vegas Raiders', 'Jacksonville Jaguars', 'New Orleans Saints']",10.0,TEN,HOME,6.0
34,Las Vegas Raiders,0.0,0.0,0.0,0.0,0.0,0.0,0.0,0.0,0.0,0.0,0.0,0.0,0.0,0.0,32.17424242424242,52.09747474747475,362.842316017316,2.2667748917748916,1.6861471861471862,4.2287878787878785,39.96922799422799,178.51349206349207,0.8039682539682539,49.18163780663781,32.17424242424242,362.842316017316,2.2667748917748916,1.8302308802308802,,,,BYE,
35,Los Angeles Chargers,0.0,0.0,0.0,0.0,0.0,0.0,0.0,0.0,0.0,0.0,0.0,0.0,0.0,0.0,16.336868686868687,24.750505050505048,163.65707070707072,1.261111111111111,0.4111111111111111,2.3025252525252524,21.82929292929293,109.6010101010101,0.6984848484848485,23.733838383838386,16.336868686868687,163.65707070707072,1.261111111111111,0.6075757575757575,,,,BYE,
36,Los Angeles Rams,0.0,0.0,0.0,0.0,0.0,0.0,0.0,0.0,0.0,0.0,0.0,0.0,0.0,0.0,8.966666666666667,14.015873015873016,96.07460317460317,0.9396825396825397,0.09999999999999999,1.2825396825396826,13.757142857142856,72.37460317460318,0.5761904761904761,13.096825396825395,8.966666666666667,96.07460317460315,0.9396825396825397,0.5428571428571429,,,,BYE,
37,MIA,25.535858585858588,35.41767676767677,242.59848484848484,1.8146464646464646,0.6906565656565657,2.1818181818181817,22.236111111111114,86.78939393939393,0.5381313131313131,34.497727272727275,25.535858585858588,242.59848484848487,1.8146464646464646,1.1037878787878788,13.266161616161616,18.105555555555554,133.61363636363637,1.1267676767676766,0.41792929292929293,1.401010101010101,14.873484848484848,70.77323232323232,0.4977272727272727,17.889646464646464,13.266161616161616,133.61363636363637,1.1267676767676766,0.3068181818181818,"['MIA', 'MIA', 'MIA', 'NYJ', 'New England Patriots', 'Miami Dolphins', 'New York Jets', 'Miami Dolphins', 'San Francisco 49ers', 'Cleveland Browns']",10.0,LAC,HOME,6.0
38,MIN,23.060569985569987,34.71818181818182,285.0072871572872,2.403282828282828,0.8238455988455988,4.086688311688311,26.10772005772006,109.12290764790765,0.7136363636363636,33.4010101010101,23.060569985569987,285.0072871572872,2.403282828282828,1.1528138528138527,0.0,0.0,0.0,0.0,0.0,0.0,0.0,0.0,0.0,0.0,0.0,0.0,0.0,0.0,"['CHI', 'Minnesota Vikings', 'Cincinnati Bengals', 'Minnesota Vikings', 'Chicago Bears', 'Arizona Cardinals', 'Atlanta Falcons', 'Chicago Bears', 'Seattle Seahawks', 'Green Bay Packers']",10.0,PHI,HOME,7.0
39,Miami Dolphins,0.0,0.0,0.0,0.0,0.0,0.0,0.0,0.0,0.0,0.0,0.0,0.0,0.0,0.0,10.625,14.207070707070708,99.80555555555556,0.7449494949494949,0.27272727272727276,1.1717171717171717,8.347222222222223,31.07828282828283,0.125,14.005050505050505,10.625,99.80555555555557,0.7449494949494949,0.5858585858585859,,,,BYE,
40,Minnesota Vikings,0.0,0.0,0.0,0.0,0.0,0.0,0.0,0.0,0.0,0.0,0.0,0.0,0.0,0.0,8.561904761904762,13.311111111111112,100.74603174603175,0.3222222222222222,0.5079365079365079,2.1523809523809523,13.407936507936508,63.163492063492065,0.34285714285714286,12.866666666666667,8.561904761904762,100.74603174603175,0.3222222222222222,0.8936507936507937,,,,BYE,
41,NOR,20.059848484848484,32.717171717171716,179.47095959595958,1.0742424242424242,0.6901515151515152,2.1914141414141417,23.77626262626263,101.46919191919191,0.3194444444444444,30.80479797979798,20.059848484848484,179.47095959595958,1.0742424242424242,0.9234848484848485,18.202738927738928,26.855283605283606,164.20615773115773,1.3932400932400932,0.30833333333333335,2.083838383838384,23.413209013209013,100.58119658119658,0.5566239316239316,25.75689588189588,18.202738927738928,164.20615773115773,1.3932400932400932,0.6337412587412588,"['NOR', 'NOR', 'NOR', 'NOR', 'New Orleans Saints', 'New York Giants', 'New Orleans Saints', 'New Orleans Saints', 'New Orleans Saints']",9.0,NWE,HOME,6.0
42,NWE,18.393939393939394,26.35151515151515,195.289898989899,1.2474747474747474,0.5838383838383838,2.780808080808081,22.38080808080808,100.89494949494949,0.6838383838383838,25.3969696969697,18.393939393939394,195.289898989899,1.2474747474747474,1.4585858585858587,9.958441558441557,14.23116883116883,106.5116883116883,0.6584415584415584,0.42467532467532465,1.2181818181818183,10.387012987012985,31.015584415584414,0.24285714285714283,13.806493506493506,9.958441558441557,106.5116883116883,0.6584415584415584,0.5974025974025974,"['NWE', 'MIA', 'NWE', 'CAR', 'New England Patriots', 'New England Patriots', 'New England Patriots', 'New England Patriots', 'New England Patriots']",9.0,NOR,AWAY,6.0
43,NYG,23.73160173160173,39.833694083694084,259.74386724386727,1.251984126984127,0.8901515151515151,3.5568181818181817,27.962481962481963,107.51064213564213,1.067099567099567,37.53679653679654,23.73160173160173,259.74386724386727,1.251984126984127,1.0456349206349207,14.758585858585858,23.475757575757576,165.0121212121212,0.7333333333333333,0.3929292929292929,1.5373737373737373,16.143434343434343,75.37373737373737,0.702020202020202,22.327272727272728,14.758585858585858,165.0121212121212,0.7333333333333333,0.5222222222222221,"['NYG', 'NYG', 'NYG', 'Los Angeles Chargers', 'New York Giants', 'New York Giants', 'New York Giants', 'New York Giants', 'New York Giants', 'Indianapolis Colts']",10.0,PHI,HOME,6.0
44,NYJ,20.602777777777778,31.65277777777778,220.34444444444443,1.5305555555555554,0.425,2.4194444444444443,23.8,116.35,0.6805555555555556,30.894444444444442,20.602777777777778,220.34444444444443,1.5305555555555554,1.1472222222222221,16.11217948717949,23.957478632478633,172.00726495726497,1.363888888888889,0.125,1.8797008547008547,25.64380341880342,116.5224358974359,0.7863247863247862,23.356410256410253,16.112179487179485,172.00726495726497,1.363888888888889,1.2935897435897434,"['NYJ', 'NYJ', 'NYJ', 'NYJ', 'New York Jets', 'New York Jets', 'Jacksonville Jaguars', 'New York Jets', 'New York Jets']",9.0,DEN,HOME,6.0
45,New England Patriots,0.0,0.0,0.0,0.0,0.0,0.0,0.0,0.0,0.0,0.0,0.0,0.0,0.0,0.0,19.60151515151515,29.81631701631702,200.65881895881898,1.5095571095571096,0.7242424242424242,1.8535353535353536,26.844133644133645,126.96779331779331,0.7658119658119659,28.851165501165504,19.601515151515155,200.65881895881898,1.5095571095571096,1.4893939393939395,,,,BYE,
46,New Orleans Saints,0.0,0.0,0.0,0.0,0.0,0.0,0.0,0.0,0.0,0.0,0.0,0.0,0.0,0.0,14.34040404040404,24.544949494949496,156.04040404040404,1.0631313131313131,0.38181818181818183,1.9414141414141417,21.17070707070707,95.28030303030303,0.35,23.213131313131314,14.34040404040404,156.04040404040404,1.0631313131313131,0.4651515151515152,,,,BYE,
47,New York Giants,0.0,0.0,0.0,0.0,0.0,0.0,0.0,0.0,0.0,0.0,0.0,0.0,0.0,0.0,22.214646464646464,36.07828282828283,226.2550505050505,0.827020202020202,0.7916666666666667,2.5694444444444446,26.7979797979798,108.93813131313132,1.3409090909090908,34.689393939393945,22.214646464646464,226.25505050505052,0.827020202020202,1.2234848484848486,,,,BYE,
48,New York Jets,0.0,0.0,0.0,0.0,0.0,0.0,0.0,0.0,0.0,0.0,0.0,0.0,0.0,0.0,18.567063492063493,28.003282828282828,189.10559163059162,1.2433261183261184,0.4111111111111111,1.4083333333333332,18.980844155844157,72.90357142857142,0.5809884559884559,27.327813852813854,18.567063492063493,189.10559163059162,1.2433261183261184,0.6111111111111112,,,,BYE,
49,PHI,20.13888888888889,30.193650793650793,205.34126984126982,1.8646825396825397,0.16666666666666666,3.0075396825396825,44.47380952380952,202.14126984126986,2.0761904761904764,27.89404761904762,20.13888888888889,205.34126984126982,1.8646825396825397,1.0206349206349206,0.0,0.0,0.0,0.0,0.0,0.0,0.0,0.0,0.0,0.0,0.0,0.0,0.0,0.0,"['DAL', 'KAN', 'Los Angeles Rams', 'Tampa Bay Buccaneers', 'Los Angeles Rams', 'Baltimore Ravens', 'Carolina Panthers', 'Pittsburgh Steelers', 'Philadelphia Eagles', 'Dallas Cowboys']",10.0,NYG,AWAY,6.0
50,PIT,19.44076479076479,28.529653679653677,210.74855699855698,1.718037518037518,0.5746753246753247,2.4611111111111112,25.880447330447332,100.2984126984127,0.708008658008658,26.284776334776335,19.44076479076479,210.74855699855698,1.718037518037518,1.2014430014430015,0.0,0.0,0.0,0.0,0.0,0.0,0.0,0.0,0.0,0.0,0.0,0.0,0.0,0.0,"['NYJ', 'Pittsburgh Steelers', 'NWE', 'Minnesota Vikings', 'Pittsburgh Steelers', 'Cincinnati Bengals', 'Cleveland Browns', 'Pittsburgh Steelers', 'Pittsburgh Steelers', 'Pittsburgh Steelers']",10.0,CLE,HOME,6.0
51,Philadelphia Eagles,0.0,0.0,0.0,0.0,0.0,0.0,0.0,0.0,0.0,0.0,0.0,0.0,0.0,0.0,4.681818181818182,8.212121212121213,49.121212121212125,0.6212121212121212,0.3484848484848485,0.7575757575757576,8.681818181818182,45.43939393939394,0.3333333333333333,7.43939393939394,4.681818181818182,49.121212121212125,0.6212121212121212,0.43939393939393945,,,,BYE,
52,Pittsburgh Steelers,0.0,0.0,0.0,0.0,0.0,0.0,0.0,0.0,0.0,0.0,0.0,0.0,0.0,0.0,21.516666666666666,31.634848484848483,247.3409090909091,1.6037878787878788,0.8345959595959596,2.4202020202020202,30.138636363636362,126.3080808080808,0.8651515151515151,29.492424242424242,21.516666666666666,247.3409090909091,1.6037878787878788,1.2287878787878788,,,,BYE,
53,SEA,21.57395104895105,30.851495726495724,236.74201631701632,1.087179487179487,0.7095959595959596,2.775252525252525,27.565229215229216,110.63447940947941,0.916977466977467,29.00664335664336,21.57395104895105,236.74201631701632,1.087179487179487,1.2602564102564102,4.888888888888889,6.763888888888889,49.52777777777778,0.2222222222222222,0.2222222222222222,0.2361111111111111,7.25,23.72222222222222,0.125,6.527777777777778,4.888888888888889,49.52777777777777,0.2222222222222222,0.375,"['SEA', 'Pittsburgh Steelers', 'NOR', 'Arizona Cardinals', 'Arizona Cardinals', 'New York Jets', 'Arizona Cardinals', 'Seattle Seahawks', 'Seattle Seahawks', 'Chicago Bears']",10.0,JAX,AWAY,6.0
54,SFO,23.946969696969695,37.44444444444444,283.9962121212121,1.648989898989899,1.2234848484848484,2.2108585858585856,25.795454545454547,97.64267676767676,0.5833333333333333,35.55429292929293,23.946969696969695,283.9962121212121,1.648989898989899,1.4545454545454546,0.0,0.0,0.0,0.0,0.0,0.0,0.0,0.0,0.0,0.0,0.0,0.0,0.0,0.0,"['SEA', 'NOR', 'Arizona Cardinals', 'San Francisco 49ers', 'San Francisco 49ers', 'San Francisco 49ers', 'Chicago Bears', 'San Francisco 49ers', 'San Francisco 49ers', 'San Francisco 49ers']",10.0,TAM,AWAY,6.0
55,San Francisco 49ers,0.0,0.0,0.0,0.0,0.0,0.0,0.0,0.0,0.0,0.0,0.0,0.0,0.0,0.0,25.520707070707072,40.30909090909091,289.58838383838383,1.7906565656565656,0.8068181818181819,2.0492424242424243,35.58712121212121,157.58106060606062,1.296969696969697,38.153030303030306,25.52070707070707,289.58838383838383,1.7906565656565656,1.4636363636363636,,,,BYE,
56,Seattle Seahawks,0.0,0.0,0.0,0.0,0.0,0.0,0.0,0.0,0.0,0.0,0.0,0.0,0.0,0.0,9.068181818181817,13.472222222222221,94.67171717171718,0.8055555555555556,0.3484848484848485,1.1363636363636365,9.1489898989899,36.744949494949495,0.20202020202020202,13.095959595959597,9.068181818181818,94.67171717171718,0.8055555555555556,0.3333333333333333,,,,BYE,
57,TAM,24.09166666666667,35.91666666666667,286.09722222222223,2.444444444444444,0.8083333333333333,2.5416666666666665,33.35,170.44444444444446,0.7805555555555556,35.13333333333333,24.09166666666667,286.09722222222223,2.444444444444444,1.577777777777778,0.0,0.0,0.0,0.0,0.0,0.0,0.0,0.0,0.0,0.0,0.0,0.0,0.0,0.0,"['ATL', 'HOU', 'NYJ', 'Tampa Bay Buccaneers', 'New York Giants', 'Carolina Panthers', 'Las Vegas Raiders', 'Los Angeles Chargers', 'Tampa Bay Buccaneers', 'Carolina Panthers']",10.0,SFO,HOME,6.0
58,TEN,19.471717171717174,32.98964646464646,208.8449494949495,1.1611111111111112,1.1027777777777779,3.665151515151515,24.80378787878788,99.27121212121212,0.6138888888888889,31.36186868686869,19.471717171717174,208.8449494949495,1.1611111111111112,1.115909090909091,15.494444444444444,25.477777777777778,159.8111111111111,0.8388888888888889,0.4777777777777778,2.1722222222222225,21.055555555555554,93.18333333333334,0.8166666666666665,23.894444444444446,15.494444444444444,159.8111111111111,0.8388888888888889,0.5888888888888889,"['TEN', 'TEN', 'TEN', 'TEN', 'Houston Texans', 'Tennessee Titans', 'Tennessee Titans', 'Tennessee Titans', 'Tennessee Titans', 'Tennessee Titans']",10.0,LVR,AWAY,6.0
59,Tampa Bay Buccaneers,0.0,0.0,0.0,0.0,0.0,0.0,0.0,0.0,0.0,0.0,0.0,0.0,0.0,0.0,9.713636363636365,14.881818181818183,105.97045454545454,0.740909090909091,0.225,0.9409090909090909,10.568181818181818,38.018181818181816,0.2909090909090909,14.575,9.713636363636365,105.97045454545454,0.740909090909091,0.65,,,,BYE,
60,Tennessee Titans,0.0,0.0,0.0,0.0,0.0,0.0,0.0,0.0,0.0,0.0,0.0,0.0,0.0,0.0,20.566414141414143,30.630555555555556,215.5030303030303,1.5787878787878789,1.4116161616161618,1.6406565656565657,30.516666666666666,139.86742424242425,1.321969696969697,29.807070707070707,20.566414141414143,215.5030303030303,1.5787878787878789,0.8616161616161616,,,,BYE,
61,WAS,18.87727272727273,28.310606060606062,190.83737373737375,2.0090909090909093,0.6656565656565656,2.8585858585858586,25.96212121212121,145.04393939393938,0.9747474747474747,26.663131313131313,18.87727272727273,190.83737373737375,2.0090909090909093,1.23989898989899,0.0,0.0,0.0,0.0,0.0,0.0,0.0,0.0,0.0,0.0,0.0,0.0,0.0,0.0,"['NYG', 'Washington Commanders', 'Las Vegas Raiders', 'Washington Commanders', 'Washington Commanders', 'Tennessee Titans', 'New Orleans Saints', 'Philadelphia Eagles', 'Atlanta Falcons']",9.0,CHI,HOME,6.0
62,Washington Commanders,0.0,0.0,0.0,0.0,0.0,0.0,0.0,0.0,0.0,0.0,0.0,0.0,0.0,0.0,12.672727272727274,19.37121212121212,149.50833333333333,1.1984848484848485,0.40681818181818186,1.371969696969697,16.331060606060607,70.06515151515151,0.4409090909090909,18.10757575757576,12.672727272727274,149.50833333333333,1.1984848484848485,0.8734848484848485,,,,BYE,
