player,team,pos,year,active
Clayton Tune,ARI,QB,2024,True
DeeJay Dallas,ARI,RB,2024,True
Elijah Higgins,ARI,TE,2024,True
Emari Demercado,ARI,RB,2024,True
Greg Dortch,ARI,WR,2024,True
James Conner,ARI,RB,2024,True
Kyler Murray,ARI,QB,2024,True
Marvin Harrison Jr.,ARI,WR,2024,True
Michael Carter,ARI,RB,2024,True
Michael Wilson,ARI,WR,2024,True
Tip Reiman,ARI,TE,2024,True
Tony Jones,ARI,RB,2024,True
Trey Benson,ARI,RB,2024,True
Trey McBride,ARI,TE,2024,True
Xavier Weaver,ARI,WR,2024,True
Zay Jones,ARI,WR,2024,True
Bijan Robinson,ATL,RB,2024,True
Casey Washington,ATL,WR,2024,True
Charlie Woerner,ATL,TE,2024,True
Chris Blair,ATL,WR,2024,True
Darnell Mooney,ATL,WR,2024,True
Drake London,ATL,WR,2024,True
Jase McClellan,ATL,RB,2024,True
KhaDarel Hodge,ATL,WR,2024,True
Kirk Cousins,ATL,QB,2024,True
Kyle Pitts,ATL,TE,2024,True
Michael Penix,ATL,QB,2024,True
Ray-Ray McCloud,ATL,WR,2024,True
Ross Dwelley,ATL,TE,2024,True
Tyler Allgeier,ATL,RB,2024,True
Anthony Miller,BAL,WR,2024,True
Charlie Kolar,BAL,TE,2024,True
Derrick Henry,BAL,RB,2024,True
Devontez Walker,BAL,WR,2024,True
Diontae Johnson,BAL,WR,2024,True
Isaiah Likely,BAL,TE,2024,True
Josh Johnson,BAL,QB,2024,True
Justice Hill,BAL,RB,2024,True
Keaton Mitchell,BAL,RB,2024,True
Lamar Jackson,BAL,QB,2024,True
Mark Andrews,BAL,TE,2024,True
Nelson Agholor,BAL,WR,2024,True
Patrick Ricard,BAL,FB,2024,True
Rasheen Ali,BAL,RB,2024,True
Rashod Bateman,BAL,WR,2024,True
Tylan Wallace,BAL,WR,2024,True
Zay Flowers,BAL,WR,2024,True
Amari Cooper,BUF,WR,2024,True
Curtis Samuel,BUF,WR,2024,True
Dalton Kincaid,BUF,TE,2024,True
Dawson Knox,BUF,TE,2024,True
James Cook,BUF,RB,2024,True
Josh Allen,BUF,QB,2024,True
Keon Coleman,BUF,WR,2024,True
Khalil Shakir,BUF,WR,2024,True
Mack Hollins,BUF,WR,2024,True
Marquez Valdes-Scantling,BUF,WR,2024,True
Mike White,BUF,QB,2024,True
Mitchell Trubisky,BUF,QB,2024,True
Quintin Morris,BUF,TE,2024,True
Ray Davis,BUF,RB,2024,True
Reggie Gilliam,BUF,FB,2024,True
Ty Johnson,BUF,RB,2024,True
Tyrell Shavers,BUF,WR,2024,True
Zach Davidson,BUF,TE,2024,True
Adam Thielen,CAR,WR,2024,True
Andy Dalton,CAR,QB,2024,True
Bryce Young,CAR,QB,2024,True
Chuba Hubbard,CAR,RB,2024,True
Dan Chisena,CAR,WR,2024,True
David Moore,CAR,WR,2024,True
Deven Thompkins,CAR,WR,2024,True
Feleipe Franks,CAR,TE,2024,True
Ian Thomas,CAR,TE,2024,True
Ja'Tavion Sanders,CAR,TE,2024,True
Jalen Coker,CAR,WR,2024,True
Johnny Hekker,CAR,P,2024,True
Jonathan Mingo,CAR,WR,2024,True
Jonathon Brooks,CAR,RB,2024,True
Jordan Matthews,CAR,TE,2024,True
Mike Boone,CAR,RB,2024,True
Miles Sanders,CAR,RB,2024,True
Raheem Blackshear,CAR,RB,2024,True
Sam Franklin,CAR,SS,2024,True
Stephen Sullivan,CAR,TE,2024,True
Tommy Tremble,CAR,TE,2024,True
Velus Jones Jr.,CAR,RB,2024,True
Xavier Legette,CAR,WR,2024,True
Caleb Williams,CHI,QB,2024,True
Cole Kmet,CHI,TE,2024,True
Collin Johnson,CHI,WR,2024,True
D'Andre Swift,CHI,RB,2024,True
D.J. Moore,CHI,WR,2024,True
Darrynton Evans,CHI,RB,2024,True
DeAndre Carter,CHI,WR,2024,True
Gerald Everett,CHI,TE,2024,True
Keenan Allen,CHI,WR,2024,True
Khalil Herbert,CHI,RB,2024,True
Marcedes Lewis,CHI,TE,2024,True
Rome Odunze,CHI,WR,2024,True
Roschon Johnson,CHI,RB,2024,True
Travis Homer,CHI,RB,2024,True
Tyler Scott,CHI,WR,2024,True
Tyson Bagent,CHI,QB,2024,True
Andrei Iosivas,CIN,WR,2024,True
Cam Grandy,CIN,TE,2024,True
Charlie Jones,CIN,WR,2024,True
Chase Brown,CIN,RB,2024,True
Drew Sample,CIN,TE,2024,True
Erick All,CIN,TE,2024,True
Ja'Marr Chase,CIN,WR,2024,True
Jake Browning,CIN,QB,2024,True
Jermaine Burton,CIN,WR,2024,True
Joe Burrow,CIN,QB,2024,True
Kendric Pryor,CIN,WR,2024,True
Mike Gesicki,CIN,TE,2024,True
Sam Hubbard,CIN,DE,2024,True
Tanner Hudson,CIN,TE,2024,True
Tee Higgins,CIN,WR,2024,True
Trenton Irwin,CIN,WR,2024,True
Zack Moss,CIN,RB,2024,True
Bailey Zappe,CLE,QB,2024,True
Blake Whiteheart,CLE,TE,2024,True
Brenden Bates,CLE,TE,2024,True
Cedric Tillman,CLE,WR,2024,True
D'Onta Foreman,CLE,RB,2024,True
David Bell,CLE,WR,2024,True
David Njoku,CLE,TE,2024,True
Deshaun Watson,CLE,QB,2024,True
Dorian Thompson-Robinson,CLE,QB,2024,True
Elijah Moore,CLE,WR,2024,True
Geoff Swaim,CLE,TE,2024,True
Jacob Kibodi,CLE,RB,2024,True
Jaelon Darden,CLE,WR,2024,True
Jamari Thrash,CLE,WR,2024,True
Jameis Winston,CLE,QB,2024,True
James Proche,CLE,WR,2024,True
Jerome Ford,CLE,RB,2024,True
Jerry Jeudy,CLE,WR,2024,True
Jordan Akins,CLE,TE,2024,True
Kadarius Toney,CLE,WR,2024,True
Michael Woods II,CLE,WR,2024,True
Nick Chubb,CLE,RB,2024,True
Pierre Strong,CLE,RB,2024,True
Brandin Cooks,DAL,WR,2024,True
Brevyn Spann-Ford,DAL,TE,2024,True
Bryan Anger,DAL,P,2024,True
C.J. Goodwin,DAL,CB,2024,True
CeeDee Lamb,DAL,WR,2024,True
Cooper Rush,DAL,QB,2024,True
Dak Prescott,DAL,QB,2024,True
Dalvin Cook,DAL,RB,2024,True
Deuce Vaughn,DAL,RB,2024,True
Ezekiel Elliott,DAL,RB,2024,True
Hunter Luepke,DAL,FB,2024,True
Jake Ferguson,DAL,TE,2024,True
Jalen Brooks,DAL,WR,2024,True
Jalen Tolbert,DAL,WR,2024,True
Juanyeh Thomas,DAL,FS,2024,True
KaVontae Turpin,DAL,WR,2024,True
Luke Schoonmaker,DAL,TE,2024,True
Rico Dowdle,DAL,RB,2024,True
Ryan Flournoy,DAL,WR,2024,True
Trey Lance,DAL,QB,2024,True
Tyler Smith,DAL,G,2024,True
Adam Trautman,DEN,TE,2024,True
Audric Estime,DEN,RB,2024,True
Blake Watson,DEN,RB,2024,True
Bo Nix,DEN,QB,2024,True
Courtland Sutton,DEN,WR,2024,True
Devaughn Vele,DEN,WR,2024,True
Greg Dulcich,DEN,TE,2024,True
Jaleel McLaughlin,DEN,RB,2024,True
Jarrett Stidham,DEN,QB,2024,True
Javonte Williams,DEN,RB,2024,True
Josh Reynolds,DEN,WR,2024,True
Lil'Jordan Humphrey,DEN,WR,2024,True
Lucas Krull,DEN,TE,2024,True
Marvin Mims,DEN,WR,2024,True
Michael Burton,DEN,FB,2024,True
Nate Adkins,DEN,TE,2024,True
Riley Dixon,DEN,P,2024,True
Troy Franklin,DEN,WR,2024,True
Tyler Badie,DEN,RB,2024,True
Allen Robinson,DET,WR,2024,True
Amon-Ra St. Brown,DET,WR,2024,True
Brock Wright,DET,TE,2024,True
Craig Reynolds,DET,RB,2024,True
Dan Skipper,DET,T,2024,True
David Montgomery,DET,RB,2024,True
Hendon Hooker,DET,QB,2024,True
Isaiah Williams,DET,WR,2024,True
Jack Fox,DET,P,2024,True
Jahmyr Gibbs,DET,RB,2024,True
Jalen Reeves-Maybin,DET,LB,2024,True
Jameson Williams,DET,WR,2024,True
Jared Goff,DET,QB,2024,True
Jermar Jefferson,DET,RB,2024,True
Kalif Raymond,DET,WR,2024,True
Penei Sewell,DET,T,2024,True
Sam LaPorta,DET,TE,2024,True
Shane Zylstra,DET,TE,2024,True
Sione Vaki,DET,RB,2024,True
Taylor Decker,DET,T,2024,True
Tim Patrick,DET,WR,2024,True
Tom Kennedy,DET,WR,2024,True
Andrew Beck,GNB,FB,2024,True
Ben Sims,GNB,TE,2024,True
Bo Melton,GNB,WR,2024,True
Chris Brooks,GNB,RB,2024,True
Christian Watson,GNB,WR,2024,True
Dontayvion Wicks,GNB,WR,2024,True
Emanuel Wilson,GNB,RB,2024,True
Jayden Reed,GNB,WR,2024,True
John FitzPatrick,GNB,TE,2024,True
Jordan Love,GNB,QB,2024,True
Josh Jacobs,GNB,RB,2024,True
Luke Musgrave,GNB,TE,2024,True
Malik Heath,GNB,WR,2024,True
Malik Willis,GNB,QB,2024,True
MarShawn Lloyd,GNB,RB,2024,True
Romeo Doubs,GNB,WR,2024,True
Tucker Kraft,GNB,TE,2024,True
Brevin Jordan,HOU,TE,2024,True
British Brooks,HOU,RB,2024,True
C.J. Stroud,HOU,QB,2024,True
Cade Stover,HOU,TE,2024,True
Cam Akers,HOU,RB,2024,True
Dalton Schultz,HOU,TE,2024,True
Dameon Pierce,HOU,RB,2024,True
Dare Ogunbowale,HOU,RB,2024,True
Davis Mills,HOU,QB,2024,True
J.J. Taylor,HOU,RB,2024,True
Joe Mixon,HOU,RB,2024,True
John Metchie,HOU,WR,2024,True
Nico Collins,HOU,WR,2024,True
Robert Woods,HOU,WR,2024,True
Stefon Diggs,HOU,WR,2024,True
Steven Sims,HOU,WR,2024,True
Tank Dell,HOU,WR,2024,True
Xavier Hutchinson,HOU,WR,2024,True
Adonai Mitchell,IND,WR,2024,True
Alec Pierce,IND,WR,2024,True
Andrew Ogletree,IND,TE,2024,True
Anthony Gould,IND,WR,2024,True
Anthony Richardson,IND,QB,2024,True
Ashton Dulin,IND,WR,2024,True
Joe Flacco,IND,QB,2024,True
Jonathan Taylor,IND,RB,2024,True
Josh Downs,IND,WR,2024,True
Kylen Granson,IND,TE,2024,True
Michael Pittman Jr.,IND,WR,2024,True
Mo Alie-Cox,IND,TE,2024,True
Trey Sermon,IND,RB,2024,True
Tyler Goodson,IND,RB,2024,True
Will Mallory,IND,TE,2024,True
Austin Trammell,JAX,WR,2024,True
Brenton Strange,JAX,TE,2024,True
Brian Thomas,JAX,WR,2024,True
Christian Kirk,JAX,WR,2024,True
D'Ernest Johnson,JAX,RB,2024,True
Devin Duvernay,JAX,WR,2024,True
Evan Engram,JAX,TE,2024,True
Gabriel Davis,JAX,WR,2024,True
Josiah Deguara,JAX,TE,2024,True
Luke Farrell,JAX,TE,2024,True
Mac Jones,JAX,QB,2024,True
Parker Washington,JAX,WR,2024,True
Tank Bigsby,JAX,RB,2024,True
Tim Jones,JAX,WR,2024,True
Travis Etienne,JAX,RB,2024,True
Trevor Lawrence,JAX,QB,2024,True
Baylor Cupp,KAN,TE,2024,True
Carson Steele,KAN,RB,2024,True
Carson Wentz,KAN,QB,2024,True
Chris Oladokun,KAN,QB,2024,True
DeAndre Hopkins,KAN,WR,2024,True
Isiah Pacheco,KAN,RB,2024,True
Jaden Hicks,KAN,SS,2024,True
Jared Wiley,KAN,TE,2024,True
Jody Fortson,KAN,TE,2024,True
JuJu Smith-Schuster,KAN,WR,2024,True
Justin Watson,KAN,WR,2024,True
Justyn Ross,KAN,WR,2024,True
Kareem Hunt,KAN,RB,2024,True
Marquise Brown,KAN,WR,2024,True
Mecole Hardman,KAN,WR,2024,True
Mike Caliendo,KAN,G,2024,True
Nikko Remigio,KAN,WR,2024,True
Noah Gray,KAN,TE,2024,True
Patrick Mahomes,KAN,QB,2024,True
Peyton Hendershot,KAN,TE,2024,True
Rashee Rice,KAN,WR,2024,True
Samaje Perine,KAN,RB,2024,True
Skyy Moore,KAN,WR,2024,True
Travis Kelce,KAN,TE,2024,True
Wanya Morris,KAN,T,2024,True
Xavier Worthy,KAN,WR,2024,True
DJ Chark,LAC,WR,2024,True
Derius Davis,LAC,WR,2024,True
Eric Tomlinson,LAC,TE,2024,True
Gus Edwards,LAC,RB,2024,True
Hassan Haskins,LAC,RB,2024,True
Hayden Hurst,LAC,TE,2024,True
J.K. Dobbins,LAC,RB,2024,True
JK Scott,LAC,P,2024,True
Jalen Reagor,LAC,WR,2024,True
Josh Palmer,LAC,WR,2024,True
Justin Herbert,LAC,QB,2024,True
Kimani Vidal,LAC,RB,2024,True
Ladd McConkey,LAC,WR,2024,True
Quentin Johnston,LAC,WR,2024,True
Scott Matlock,LAC,FB,2024,True
Simi Fehoko,LAC,WR,2024,True
Stone Smartt,LAC,TE,2024,True
Taylor Heinicke,LAC,QB,2024,True
Tucker Fisk,LAC,TE,2024,True
Will Dissly,LAC,TE,2024,True
Blake Corum,LAR,RB,2024,True
Cody Schrader,LAR,RB,2024,True
Colby Parkinson,LAR,TE,2024,True
Cooper Kupp,LAR,WR,2024,True
Davis Allen,LAR,TE,2024,True
Demarcus Robinson,LAR,WR,2024,True
Hunter Long,LAR,TE,2024,True
Jimmy Garoppolo,LAR,QB,2024,True
Jordan Whittington,LAR,WR,2024,True
Kyren Williams,LAR,RB,2024,True
Matthew Stafford,LAR,QB,2024,True
Puka Nacua,LAR,WR,2024,True
Ronnie Rivers,LAR,RB,2024,True
Tutu Atwell,LAR,WR,2024,True
Tyler Higbee,LAR,TE,2024,True
Tyler Johnson,LAR,WR,2024,True
Xavier Smith,LAR,WR,2024,True
AJ Cole III,LVR,P,2024,True
Aidan O'Connell,LVR,QB,2024,True
Alex Bachman,LVR,WR,2024,True
Alexander Mattison,LVR,RB,2024,True
Ameer Abdullah,LVR,RB,2024,True
Brock Bowers,LVR,TE,2024,True
Chris Collier,LVR,RB,2024,True
DJ Turner,LVR,WR,2024,True
Davante Adams,LVR,WR,2024,True
Desmond Ridder,LVR,QB,2024,True
Divine Deablo,LVR,LB,2024,True
Dylan Laube,LVR,RB,2024,True
Gardner Minshew II,LVR,QB,2024,True
Harrison Bryant,LVR,TE,2024,True
Jakobi Meyers,LVR,WR,2024,True
John Samuel Shenker,LVR,TE,2024,True
Kristian Wilkerson,LVR,WR,2024,True
Michael Mayer,LVR,TE,2024,True
Ramel Keyton,LVR,WR,2024,True
Sincere McCormick,LVR,RB,2024,True
Terrace Marshall Jr.,LVR,WR,2024,True
Tre Tucker,LVR,WR,2024,True
Tyreik McAllister,LVR,RB,2024,True
Zamir White,LVR,RB,2024,True
Alec Ingold,MIA,FB,2024,True
Braxton Berrios,MIA,WR,2024,True
D'Wayne Eskridge,MIA,WR,2024,True
De'Von Achane,MIA,RB,2024,True
Durham Smythe,MIA,TE,2024,True
Erik Ezukanma,MIA,WR,2024,True
Grant Dubose,MIA,WR,2024,True
Jake Bailey,MIA,P,2024,True
Jaylen Waddle,MIA,WR,2024,True
Jaylen Wright,MIA,RB,2024,True
Jeff Wilson,MIA,RB,2024,True
Jonnu Smith,MIA,TE,2024,True
Julian Hill,MIA,TE,2024,True
Malik Washington,MIA,WR,2024,True
Odell Beckham Jr.,MIA,WR,2024,True
Raheem Mostert,MIA,RB,2024,True
River Cracraft,MIA,WR,2024,True
Robbie Chosen,MIA,WR,2024,True
Skylar Thompson,MIA,QB,2024,True
Tanner Conner,MIA,WR,2024,True
Tim Boyle,MIA,QB,2024,True
Tua Tagovailoa,MIA,QB,2024,True
Tyler Huntley,MIA,QB,2024,True
Tyreek Hill,MIA,WR,2024,True
Aaron Jones,MIN,RB,2024,True
Brandon Powell,MIN,WR,2024,True
C.J. Ham,MIN,FB,2024,True
Jalen Nailor,MIN,WR,2024,True
Johnny Mundt,MIN,TE,2024,True
Jordan Addison,MIN,WR,2024,True
Josh Oliver,MIN,TE,2024,True
Justin Jefferson,MIN,WR,2024,True
Myles Gaskin,MIN,RB,2024,True
Nick Mullens,MIN,QB,2024,True
Sam Darnold,MIN,QB,2024,True
T.J. Hockenson,MIN,TE,2024,True
Trent Sherfield,MIN,WR,2024,True
Ty Chandler,MIN,RB,2024,True
Adam Prentice,NOR,FB,2024,True
Alvin Kamara,NOR,RB,2024,True
Bub Means,NOR,WR,2024,True
Cedrick Wilson Jr.,NOR,WR,2024,True
Chris Olave,NOR,WR,2024,True
Clyde Edwards-Helaire,NOR,RB,2024,True
Dallin Holker,NOR,TE,2024,True
Dante Pettis,NOR,WR,2024,True
Derek Carr,NOR,QB,2024,True
Foster Moreau,NOR,TE,2024,True
Jake Haener,NOR,QB,2024,True
Jamaal Williams,NOR,RB,2024,True
Jermaine Jackson,NOR,WR,2024,True
Jordan Mims,NOR,RB,2024,True
Juwan Johnson,NOR,TE,2024,True
Kendre Miller,NOR,RB,2024,True
Kevin Austin,NOR,WR,2024,True
Mason Tipton,NOR,WR,2024,True
Matthew Hayball,NOR,P,2024,True
Rashid Shaheed,NOR,WR,2024,True
Spencer Rattler,NOR,QB,2024,True
Taysom Hill,NOR,TE,2024,True
Antonio Gibson,NWE,RB,2024,True
Austin Hooper,NWE,TE,2024,True
Dell Pettus,NWE,FS,2024,True
Demario Douglas,NWE,WR,2024,True
Drake Maye,NWE,QB,2024,True
Hunter Henry,NWE,TE,2024,True
Ja'Lynn Polk,NWE,WR,2024,True
Jacoby Brissett,NWE,QB,2024,True
Jaheim Bell,NWE,TE,2024,True
Jamycal Hasty,NWE,RB,2024,True
Javon Baker,NWE,WR,2024,True
Joe Milton,NWE,QB,2024,True
K.J. Osborn,NWE,WR,2024,True
Kayshon Boutte,NWE,WR,2024,True
Kendrick Bourne,NWE,WR,2024,True
Marcus Jones,NWE,CB,2024,True
Rhamondre Stevenson,NWE,RB,2024,True
Terrell Jennings,NWE,RB,2024,True
Tyquan Thornton,NWE,WR,2024,True
Vederian Lowe,NWE,T,2024,True
Chris Manhertz,NYG,TE,2024,True
Dane Belton,NYG,SS,2024,True
Daniel Bellinger,NYG,TE,2024,True
Daniel Jones,NYG,QB,2024,True
Darius Slayton,NYG,WR,2024,True
Devin Singletary,NYG,RB,2024,True
Drew Lock,NYG,QB,2024,True
Eric Gray,NYG,RB,2024,True
Isaiah Hodgins,NYG,WR,2024,True
Jalin Hyatt,NYG,WR,2024,True
Malik Nabers,NYG,WR,2024,True
Theo Johnson,NYG,TE,2024,True
Tommy DeVito,NYG,QB,2024,True
Tyrone Tracy Jr.,NYG,RB,2024,True
Wan'Dale Robinson,NYG,WR,2024,True
Aaron Rodgers,NYJ,QB,2024,True
Allen Lazard,NYJ,WR,2024,True
Ashtyn Davis,NYJ,SS,2024,True
Braelon Allen,NYJ,RB,2024,True
Breece Hall,NYJ,RB,2024,True
Garrett Wilson,NYJ,WR,2024,True
Irvin Charles,NYJ,WR,2024,True
Isaiah Davis,NYJ,RB,2024,True
Jeremy Ruckert,NYJ,TE,2024,True
Kenny Yeboah,NYJ,TE,2024,True
Malachi Corley,NYJ,WR,2024,True
Mike Williams,NYJ,WR,2024,True
Tyler Conklin,NYJ,TE,2024,True
Tyrod Taylor,NYJ,QB,2024,True
Xavier Gipson,NYJ,WR,2024,True
A.J. Brown,PHI,WR,2024,True
Ainias Smith,PHI,WR,2024,True
Ben VanSumeren,PHI,LB,2024,True
Britain Covey,PHI,WR,2024,True
Dallas Goedert,PHI,TE,2024,True
DeVonta Smith,PHI,WR,2024,True
E.J. Jenkins,PHI,TE,2024,True
Grant Calcaterra,PHI,TE,2024,True
Jack Stoll,PHI,TE,2024,True
Jahan Dotson,PHI,WR,2024,True
Jalen Hurts,PHI,QB,2024,True
John Ross,PHI,WR,2024,True
Johnny Wilson,PHI,WR,2024,True
Kenneth Gainwell,PHI,RB,2024,True
Kenny Pickett,PHI,QB,2024,True
Parris Campbell,PHI,WR,2024,True
Saquon Barkley,PHI,RB,2024,True
Tanner McKee,PHI,QB,2024,True
Tyrion Davis-Price,PHI,RB,2024,True
Will Shipley,PHI,RB,2024,True
Aaron Shampklin,PIT,RB,2024,True
Ben Skowronek,PIT,WR,2024,True
Brandon Johnson,PIT,WR,2024,True
Calvin Austin III,PIT,WR,2024,True
Connor Heyward,PIT,TE,2024,True
Cordarrelle Patterson,PIT,RB,2024,True
Darnell Washington,PIT,TE,2024,True
George Pickens,PIT,WR,2024,True
James Pierre,PIT,CB,2024,True
Jaylen Warren,PIT,RB,2024,True
Jonathan Ward,PIT,RB,2024,True
Justin Fields,PIT,QB,2024,True
Kyle Allen,PIT,QB,2024,True
Miles Killebrew,PIT,SS,2024,True
MyCole Pruitt,PIT,TE,2024,True
Najee Harris,PIT,RB,2024,True
Pat Freiermuth,PIT,TE,2024,True
Russell Wilson,PIT,QB,2024,True
Scott Miller,PIT,WR,2024,True
Van Jefferson,PIT,WR,2024,True
Zach Frazier,PIT,C,2024,True
AJ Barner,SEA,TE,2024,True
Cody White,SEA,WR,2024,True
D.K. Metcalf,SEA,WR,2024,True
Dareke Young,SEA,WR,2024,True
Geno Smith,SEA,QB,2024,True
George Holani,SEA,RB,2024,True
Jake Bobo,SEA,WR,2024,True
Jaxon Smith-Njigba,SEA,WR,2024,True
Julian Love,SEA,SS,2024,True
Kenneth Walker III,SEA,RB,2024,True
Kenny McIntosh,SEA,RB,2024,True
Laviska Shenault Jr.,SEA,WR,2024,True
Noah Fant,SEA,TE,2024,True
Pharaoh Brown,SEA,TE,2024,True
Sam Howell,SEA,QB,2024,True
Tyler Lockett,SEA,WR,2024,True
Zach Charbonnet,SEA,RB,2024,True
Brandon Aiyuk,SFO,WR,2024,True
Brandon Allen,SFO,QB,2024,True
Brayden Willis,SFO,TE,2024,True
Brock Purdy,SFO,QB,2024,True
Chris Conley,SFO,WR,2024,True
Christian McCaffrey,SFO,RB,2024,True
Deebo Samuel,SFO,WR,2024,True
Dominick Puni,SFO,G,2024,True
Eric Saubert,SFO,TE,2024,True
George Kittle,SFO,TE,2024,True
Isaac Guerendo,SFO,RB,2024,True
Jacob Cowing,SFO,WR,2024,True
Jake Brendel,SFO,C,2024,True
Jauan Jennings,SFO,WR,2024,True
Jordan Mason,SFO,RB,2024,True
Joshua Dobbs,SFO,QB,2024,True
Ke'Shawn Vaughn,SFO,RB,2024,True
Kyle Juszczyk,SFO,FB,2024,True
Patrick Taylor,SFO,RB,2024,True
Ricky Pearsall,SFO,WR,2024,True
Ronnie Bell,SFO,WR,2024,True
Trent Taylor,SFO,WR,2024,True
Baker Mayfield,TAM,QB,2024,True
Bucky Irving,TAM,RB,2024,True
Cade Otton,TAM,TE,2024,True
Chris Godwin,TAM,WR,2024,True
Devin Culp,TAM,TE,2024,True
Jalen McMillan,TAM,WR,2024,True
Kameron Johnson,TAM,WR,2024,True
Kyle Trask,TAM,QB,2024,True
Mike Evans,TAM,WR,2024,True
Payne Durham,TAM,TE,2024,True
Rachaad White,TAM,RB,2024,True
Rakim Jarrett,TAM,WR,2024,True
Ryan Miller,TAM,WR,2024,True
Sean Tucker,TAM,RB,2024,True
Sterling Shepard,TAM,WR,2024,True
Tavierre Thomas,TAM,CB,2024,True
Trey Palmer,TAM,WR,2024,True
Tristan Wirfs,TAM,T,2024,True
Bryce Oliver,TEN,WR,2024,True
Calvin Ridley,TEN,WR,2024,True
Chigoziem Okonkwo,TEN,TE,2024,True
David Martin-Robinson,TEN,TE,2024,True
JC Latham,TEN,T,2024,True
Jha'Quan Jackson,TEN,WR,2024,True
Josh Whyle,TEN,TE,2024,True
Joshua Kelley,TEN,RB,2024,True
Julius Chestnut,TEN,RB,2024,True
Mason Kinsey,TEN,WR,2024,True
Mason Rudolph,TEN,QB,2024,True
Nick Vannett,TEN,TE,2024,True
Nick Westbrook-Ikhine,TEN,WR,2024,True
Tay Martin,TEN,WR,2024,True
Tony Pollard,TEN,RB,2024,True
Treylon Burks,TEN,WR,2024,True
Tyjae Spears,TEN,RB,2024,True
Tyler Boyd,TEN,WR,2024,True
Will Levis,TEN,QB,2024,True
Austin Ekeler,WAS,RB,2024,True
Ben Sinnott,WAS,TE,2024,True
Brian Robinson Jr.,WAS,RB,2024,True
Brycen Tremayne,WAS,WR,2024,True
Chris Rodriguez,WAS,RB,2024,True
Dyami Brown,WAS,WR,2024,True
Jamison Crowder,WAS,WR,2024,True
Jayden Daniels,WAS,QB,2024,True
Jeremy McNichols,WAS,RB,2024,True
John Bates,WAS,TE,2024,True
Luke McCaffrey,WAS,WR,2024,True
Marcus Mariota,WAS,QB,2024,True
Noah Brown,WAS,WR,2024,True
Olamide Zaccheaus,WAS,WR,2024,True
Terry McLaurin,WAS,WR,2024,True
Trenton Scott,WAS,T,2024,True
Zach Ertz,WAS,TE,2024,True
