player,team,included,reason,snap_pct_weighted,snap_pct_recent,trend,games_analyzed
A.J. Brown,PHI,False,missing_snap_data_no_touches,0.0,0.0,0.0,10
AJ Barner,SEA,False,snap_pct_too_low_0.1%,0.07830337860573781,0.0,0.0,9
AJ Dillon,PHI,False,recent_snap_pct_too_low_5.2%,5.258894485258733,5.210772833723653,0.0,3
Aaron Jones,MIN,True,included,22.788065607448118,24.662245148612133,0.8777664202343871,8
Aaron Rodgers,PIT,True,included,55.58021872099244,57.08054372083587,-3.7037700046543165,9
Adam Thielen,MIN,False,missing_snap_data_no_touches,0.0,0.0,0.0,10
Adam Trautman,DEN,False,missing_snap_data_no_touches,0.0,0.0,0.0,8
Adonai Mitchell,IND,False,snap_pct_too_low_0.2%,0.21883060420152073,0.4761904761904762,0.4761904761904762,9
Alec Ingold,MIA,False,snap_pct_too_low_0.6%,0.6168574812475326,0.5208333333333334,0.5208333333333334,4
Alec Pierce,IND,False,missing_snap_data_no_touches,0.0,0.0,0.0,7
Allen Lazard,NYJ,False,missing_snap_data_no_touches,0.0,0.0,0.0,6
Alvin Kamara,NOR,True,included,22.11829594158235,23.60089869281046,-4.224646847986506,7
Amon-Ra St. Brown,DET,False,snap_pct_too_low_0.2%,0.20255762393971502,0.0,-0.4444444444444446,10
Andrei Iosivas,CIN,False,snap_pct_too_low_0.1%,0.13736510725217801,0.0,-0.8333333333333334,7
Andrew Ogletree,IND,False,missing_snap_data_no_touches,0.0,0.0,0.0,3
Anthony Richardson,IND,True,included,48.34959830602118,51.32305041858462,8.77395530884261,5
Antonio Gibson,NWE,True,included,17.453219631521534,19.10595314850634,7.635666879073735,9
Ashton Dulin,IND,False,snap_pct_too_low_0.9%,0.916183207229465,1.1003757380568977,0.0,3
Ashton Jeanty,LVR,True,included,32.05351900936439,29.317037423998375,-3.4415832656567993,4
Austin Hooper,NWE,False,missing_snap_data_no_touches,0.0,0.0,0.0,9
Baker Mayfield,TAM,True,included,53.88181283335544,53.156565656565654,-0.34923918816981825,10
Ben Sinnott,WAS,False,missing_snap_data_no_touches,0.0,0.0,0.0,3
Ben Skowronek,PIT,False,missing_snap_data_no_touches,0.0,0.0,0.0,5
Bhayshul Tuten,JAX,False,recent_snap_pct_too_low_9.1%,7.98507662962082,9.106136415919025,4.344231654014263,4
Bijan Robinson,ATL,True,included,32.19193728958357,34.63241313816027,3.6061760478499494,9
Blake Corum,LAR,False,recent_snap_pct_too_low_6.7%,7.943146962739385,6.7236467236467234,-2.6287874715547677,10
Blake Whiteheart,CLE,False,missing_snap_data_no_touches,0.0,0.0,0.0,6
Bo Nix,DEN,True,included,66.69762213344116,68.11412599711072,4.953265341373012,9
Braelon Allen,NYJ,False,declining_snap_pct_-5.2%,8.467454265872572,6.106715358084805,-5.206415955046505,9
Brandin Cooks,NOR,False,missing_snap_data_no_touches,0.0,0.0,0.0,9
Brashard Smith,KAN,False,recent_snap_pct_too_low_3.6%,4.037377485858725,3.564068781460086,0.0,3
Breece Hall,NYJ,True,included,20.320974991440217,19.4765672550213,-0.7596936592057126,8
Brenton Strange,JAX,False,missing_snap_data_no_touches,0.0,0.0,0.0,9
Brevyn Spann-Ford,DAL,False,missing_snap_data_no_touches,0.0,0.0,0.0,4
Brian Robinson Jr.,SFO,True,included,17.88550835291808,21.915584415584416,9.470798615959906,9
Brian Thomas,JAX,False,snap_pct_too_low_0.8%,0.7924239390204005,0.606060606060606,-0.42055236085086833,9
Brock Bowers,LVR,False,snap_pct_too_low_0.7%,0.7172368107149397,0.45662100456621,-0.6365689595914961,10
Brock Purdy,SFO,True,included,63.83939005504787,68.45977011494253,15.472912289375024,7
Brock Wright,DET,False,missing_snap_data_no_touches,0.0,0.0,0.0,4
Bryce Oliver,TEN,False,missing_snap_data_no_touches,0.0,0.0,0.0,3
Bryce Young,CAR,True,included,64.5637159758605,64.54175905395418,-2.5534372335160356,10
Brycen Tremayne,CAR,False,missing_snap_data_no_touches,0.0,0.0,0.0,3
Bucky Irving,TAM,True,included,24.161772051827228,24.915824915824913,4.624444474201429,10
C.J. Stroud,HOU,True,included,67.70859821848443,69.36187518485654,6.396759948554866,9
Cade Otton,TAM,False,missing_snap_data_no_touches,0.0,0.0,0.0,7
Caleb Williams,CHI,True,included,68.22191360011487,67.59489530641132,-4.1864098082271255,10
Calvin Ridley,TEN,False,snap_pct_too_low_0.7%,0.7424635359063823,1.0672814207650274,1.0672814207650274,10
Cam Grandy,CIN,False,missing_snap_data_no_touches,0.0,0.0,0.0,3
Cam Skattebo,NYG,True,included,24.233647130924123,24.79120923626117,21.45787590292784,4
Cam Ward,TEN,True,included,63.5666630570685,64.52044759908055,7.377590456223416,4
Charlie Woerner,ATL,False,missing_snap_data_no_touches,0.0,0.0,0.0,6
Chase Brown,CIN,True,included,29.422552632743002,33.42398342398342,10.136072871921929,9
Chigoziem Okonkwo,TEN,False,snap_pct_too_low_0.5%,0.5060993321760408,0.546448087431694,0.546448087431694,10
Chimere Dike,TEN,False,recent_snap_pct_too_low_3.0%,2.7354228934437153,2.9804154352640047,0.9395991087333924,4
Chris Brooks,GNB,False,recent_snap_pct_too_low_4.2%,4.632377122125132,4.202574569645133,0.26450006553289285,8
Chris Olave,NOR,False,snap_pct_too_low_0.6%,0.6367561096748723,0.5376344086021505,0.5376344086021505,4
Chris Rodriguez,WAS,False,declining_snap_pct_-13.1%,8.120503281535655,4.407166907166907,-13.050754626226325,6
Christian McCaffrey,SFO,True,included,22.32817883630611,22.473118279569892,-3.8118043710881544,6
Chuba Hubbard,CAR,True,included,30.308127474434087,33.76171583002702,13.059423719152822,9
Colby Parkinson,LAR,False,missing_snap_data_no_touches,0.0,0.0,0.0,8
Cole Kmet,CHI,False,missing_snap_data_no_touches,0.0,0.0,0.0,8
Colston Loveland,CHI,False,missing_snap_data_no_touches,0.0,0.0,0.0,3
Connor Heyward,PIT,False,snap_pct_too_low_0.4%,0.3793068747435807,0.65359477124183,0.65359477124183,4
Cooper Kupp,SEA,False,missing_snap_data_no_touches,0.0,0.0,0.0,10
Cooper Rush,BAL,True,included,53.88982479644539,55.35651280677073,-4.384383551772686,8
Courtland Sutton,DEN,False,missing_snap_data_no_touches,0.0,0.0,0.0,9
Craig Reynolds,DET,False,recent_snap_pct_too_low_6.0%,6.832626945361454,6.0490121854495635,0.8765983923461151,4
Curtis Samuel,BUF,False,snap_pct_too_low_0.9%,0.8572034332002747,1.2125220458553791,1.2125220458553791,4
D'Andre Swift,CHI,True,included,23.246019279255894,23.48880881084099,0.13783879320430614,10
D'Wayne Eskridge,MIA,False,missing_snap_data_no_touches,0.0,0.0,0.0,3
D.J. Moore,CHI,False,recent_snap_pct_too_low_3.5%,2.677094981644351,3.531329126416169,2.5789481740352165,10
D.K. Metcalf,PIT,False,missing_snap_data_no_touches,0.0,0.0,0.0,10
DJ Giddens,IND,False,recent_snap_pct_too_low_6.4%,4.752754147609576,6.426032266885425,0.0,3
Dak Prescott,DAL,True,included,63.29377623297876,64.1365578865579,1.6365578865578954,4
Dallas Goedert,PHI,False,missing_snap_data_no_touches,0.0,0.0,0.0,5
Dalton Kincaid,BUF,False,missing_snap_data_no_touches,0.0,0.0,0.0,7
Dalton Schultz,HOU,False,missing_snap_data_no_touches,0.0,0.0,0.0,9
Dameon Pierce,HOU,False,recent_snap_pct_too_low_4.0%,5.2742349736315095,3.9965986394557818,-1.5589569160997736,4
Daniel Bellinger,NYG,False,missing_snap_data_no_touches,0.0,0.0,0.0,6
Daniel Jones,IND,True,included,58.76726080785571,59.42866823369968,7.254755190221424,4
Dare Ogunbowale,HOU,False,snap_pct_too_low_2.5%,2.533446669852326,2.085181898846495,-1.6185218048572083,4
Darius Slayton,NYG,False,snap_pct_too_low_0.4%,0.4155854131522488,0.6410256410256411,0.6410256410256411,10
Darnell Mooney,ATL,False,missing_snap_data_no_touches,0.0,0.0,0.0,8
Darnell Washington,PIT,False,missing_snap_data_no_touches,0.0,0.0,0.0,6
Davante Adams,LAR,False,missing_snap_data_no_touches,0.0,0.0,0.0,9
David Montgomery,DET,True,included,15.850562537757158,18.922235668504328,3.639752451238502,8
David Njoku,CLE,False,missing_snap_data_no_touches,0.0,0.0,0.0,8
Davis Allen,LAR,False,missing_snap_data_no_touches,0.0,0.0,0.0,6
Dawson Knox,BUF,False,missing_snap_data_no_touches,0.0,0.0,0.0,8
De'Von Achane,MIA,True,included,20.997222008282048,21.92313585971645,5.755206566787159,10
DeAndre Hopkins,BAL,False,missing_snap_data_no_touches,0.0,0.0,0.0,10
DeVonta Smith,PHI,False,snap_pct_too_low_0.2%,0.21080090110347047,0.45045045045045035,0.45045045045045035,8
Deebo Samuel,WAS,False,recent_snap_pct_too_low_5.9%,5.333695526099011,5.931034482758622,3.1532567049808446,10
Demario Douglas,NWE,False,snap_pct_too_low_0.5%,0.5081648334711215,0.5050505050505051,-0.05992124636192431,8
Derius Davis,LAC,False,recent_snap_pct_too_low_1.6%,1.5210554034114352,1.6151561349301462,0.357703560404401,7
Derrick Henry,BAL,True,included,35.65639089999117,36.448087431693985,8.241706574266267,9
Devaughn Vele,NOR,False,missing_snap_data_no_touches,0.0,0.0,0.0,7
Devin Duvernay,CHI,False,snap_pct_too_low_0.2%,0.21699700189856558,0.0,-0.8771929824561403,5
Devin Singletary,NYG,False,recent_snap_pct_too_low_10.4%,8.837558433737584,10.387119225252293,3.776626294004645,10
Devontez Walker,BAL,False,missing_snap_data_no_touches,0.0,0.0,0.0,4
Dont'e Thornton,LVR,False,missing_snap_data_no_touches,0.0,0.0,0.0,4
Dontayvion Wicks,GNB,False,missing_snap_data_no_touches,0.0,0.0,0.0,10
Drake London,ATL,False,snap_pct_too_low_0.1%,0.09876170689621264,0.0,-0.43859649122807015,9
Drake Maye,NWE,True,included,61.844095175832074,61.57317859445519,4.534284811903305,9
Drew Lock,SEA,True,included,57.26671680492459,68.25108853410741,42.499417656650365,6
Drew Sample,CIN,False,missing_snap_data_no_touches,0.0,0.0,0.0,8
Durham Smythe,CHI,False,missing_snap_data_no_touches,0.0,0.0,0.0,5
Dyami Brown,JAX,False,snap_pct_too_low_0.6%,0.5933160402140807,0.4444444444444446,-0.5677478720956979,7
Dylan Sampson,CLE,False,declining_snap_pct_-14.3%,4.599624117583131,3.048456919424661,-14.342847428401425,4
Elic Ayomanor,TEN,False,missing_snap_data_no_touches,0.0,0.0,0.0,4
Elijah Arroyo,SEA,False,missing_snap_data_no_touches,0.0,0.0,0.0,4
Elijah Higgins,ARI,False,missing_snap_data_no_touches,0.0,0.0,0.0,8
Elijah Moore,BUF,False,snap_pct_too_low_0.3%,0.2720258296974861,0.0,-0.4115226337448559,10
Emanuel Wilson,GNB,False,recent_snap_pct_too_low_10.7%,9.66129395472218,10.657057627834535,4.026235619654035,9
Emari Demercado,ARI,False,snap_pct_too_low_2.0%,2.0442548236176874,1.9693842449260408,-1.3420552734100293,5
Emeka Egbuka,TAM,False,snap_pct_too_low_0.8%,0.8443694744523801,0.5050505050505051,-1.3131313131313127,4
Eric Saubert,SEA,False,missing_snap_data_no_touches,0.0,0.0,0.0,4
Evan Engram,DEN,False,missing_snap_data_no_touches,0.0,0.0,0.0,5
Garrett Wilson,NYJ,False,missing_snap_data_no_touches,0.0,0.0,0.0,9
Geno Smith,LVR,True,included,57.63232718866391,56.94835405426537,-0.6000022645827556,10
George Holani,SEA,False,recent_snap_pct_too_low_8.2%,6.939051622678498,8.213655832703452,0.0,3
George Pickens,DAL,False,missing_snap_data_no_touches,0.0,0.0,0.0,7
Grant Calcaterra,PHI,False,missing_snap_data_no_touches,0.0,0.0,0.0,6
Greg Dortch,ARI,False,snap_pct_too_low_0.8%,0.7911432128435203,1.0672814207650274,0.6286849295369572,10
Gunnar Helm,TEN,False,missing_snap_data_no_touches,0.0,0.0,0.0,4
Harold Fannin,CLE,False,snap_pct_too_low_0.8%,0.8330061883465509,0.5376344086021505,-0.9116409537166901,4
Hassan Haskins,LAC,False,recent_snap_pct_too_low_4.3%,4.815330572771379,4.276211593284764,2.490497307570479,4
Hunter Henry,NWE,False,missing_snap_data_no_touches,0.0,0.0,0.0,9
Hunter Long,JAX,False,missing_snap_data_no_touches,0.0,0.0,0.0,6
Hunter Luepke,DAL,False,snap_pct_too_low_0.6%,0.6010828375337577,0.0,-1.975638740344623,6
Hunter Renfrow,CAR,False,missing_snap_data_no_touches,0.0,0.0,0.0,4
Isaac Guerendo,SFO,True,included,21.009131570548455,24.17241379310345,15.28352490421456,4
Isaac TeSlaa,DET,False,missing_snap_data_no_touches,0.0,0.0,0.0,3
Isaiah Bond,CLE,False,snap_pct_too_low_0.3%,0.2763521515988946,0.4761904761904762,0.4761904761904762,4
Isaiah Davis,NYJ,False,recent_snap_pct_too_low_6.6%,6.677030053820183,6.644349766686955,-1.2849431626059733,8
Isaiah Likely,BAL,False,missing_snap_data_no_touches,0.0,0.0,0.0,4
Isiah Pacheco,KAN,False,recent_snap_pct_too_low_13.6%,13.739958270621383,13.573879726803264,-1.0980853659191894,9
J.K. Dobbins,DEN,False,declining_snap_pct_-5.8%,20.482975619628576,18.463203463203463,-5.768833957239757,6
Ja'Marr Chase,CIN,False,snap_pct_too_low_0.7%,0.6676522903155299,0.6410256410256411,0.11192511192511201,9
Ja'Tavion Sanders,CAR,False,missing_snap_data_no_touches,0.0,0.0,0.0,7
Jackson Hawes,BUF,False,missing_snap_data_no_touches,0.0,0.0,0.0,4
Jacory Croskey-Merritt,WAS,False,recent_snap_pct_too_low_12.0%,13.263768195885444,11.979143652512041,-4.149888605552475,4
Jahan Dotson,PHI,False,missing_snap_data_no_touches,0.0,0.0,0.0,7
Jahmyr Gibbs,DET,True,included,24.76067923355782,24.537994150867288,3.2487880076702282,10
Jake Bobo,SEA,False,missing_snap_data_no_touches,0.0,0.0,0.0,4
Jake Browning,CIN,True,included,38.595681748643294,43.418803418803414,-9.807003032809483,4
Jake Ferguson,DAL,False,missing_snap_data_no_touches,0.0,0.0,0.0,8
Jake Tonges,SFO,False,missing_snap_data_no_touches,0.0,0.0,0.0,4
Jakobi Meyers,LVR,False,missing_snap_data_no_touches,0.0,0.0,0.0,10
Jaleel McLaughlin,DEN,True,included,15.951642367294022,17.286288549714214,6.3487885497142145,4
Jalen Hurts,PHI,False,declining_trend_-11.3%,43.46065470048639,43.24350182559137,-11.263496151555856,9
Jalen Nailor,MIN,False,missing_snap_data_no_touches,0.0,0.0,0.0,9
Jalen Tolbert,DAL,False,missing_snap_data_no_touches,0.0,0.0,0.0,10
Jalin Hyatt,NYG,False,missing_snap_data_no_touches,0.0,0.0,0.0,3
Jamari Thrash,CLE,False,missing_snap_data_no_touches,0.0,0.0,0.0,7
Jameis Winston,NYG,True,included,60.31384600933225,64.1937897493453,8.638234193789742,4
James Cook,BUF,True,included,22.495663657803274,21.360009765083174,-4.257274185534108,9
Jameson Williams,DET,False,recent_snap_pct_too_low_1.5%,1.6409616168373804,1.5158582089552237,0.037741545893719586,10
Jared Goff,DET,True,included,58.43522827864535,63.07293767648245,7.302514430394048,10
Jauan Jennings,SFO,False,missing_snap_data_no_touches,0.0,0.0,0.0,9
Javonte Williams,DAL,False,declining_snap_pct_-10.9%,7.828109678220819,5.51912568306011,-10.934343434343432,9
Jaxon Smith-Njigba,SEA,False,snap_pct_too_low_0.9%,0.8620784533770958,0.574712643678161,-0.589019394370817,10
Jaxson Dart,NYG,True,included,22.646488985232363,16.97562203303045,0.0,3
Jayden Daniels,WAS,True,included,69.6360566517782,70.68302068302067,2.764207256010522,7
Jayden Higgins,HOU,False,missing_snap_data_no_touches,0.0,0.0,0.0,4
Jaylen Waddle,MIA,False,missing_snap_data_no_touches,0.0,0.0,0.0,8
Jaylen Warren,PIT,True,included,16.47749041736875,15.828504141197639,3.5278655342065743,9
Jaylen Wright,MIA,False,recent_snap_pct_too_low_5.2%,4.189727112077356,5.2209060948467725,0.0,3
Jaylin Lane,WAS,False,missing_snap_data_no_touches,0.0,0.0,0.0,4
Jaylin Noel,HOU,False,snap_pct_too_low_0.7%,0.7247952453431905,0.5291005291005291,0.0,3
Jeremy McNichols,WAS,False,recent_snap_pct_too_low_2.5%,3.5300592854718116,2.5312650312650313,-3.083247440390297,8
Jeremy Ruckert,NYJ,False,missing_snap_data_no_touches,0.0,0.0,0.0,7
Jerome Ford,CLE,False,recent_snap_pct_too_low_13.2%,11.625404706444039,13.23092998955068,2.0075854328727907,10
Jerry Jeudy,CLE,False,missing_snap_data_no_touches,0.0,0.0,0.0,10
Joe Flacco,CLE,True,included,60.46342936319012,60.020514091390964,-6.894599780244647,5
John Bates,WAS,False,missing_snap_data_no_touches,0.0,0.0,0.0,4
John FitzPatrick,GNB,False,missing_snap_data_no_touches,0.0,0.0,0.0,3
John Metchie,PHI,False,missing_snap_data_no_touches,0.0,0.0,0.0,7
Johnny Mundt,JAX,False,missing_snap_data_no_touches,0.0,0.0,0.0,7
Jonathan Taylor,IND,True,included,39.89334301760884,41.34665919011336,9.0020227403866,9
Jonnu Smith,PIT,False,snap_pct_too_low_0.1%,0.08107292187950711,0.0,-0.5208333333333334,10
Jordan Love,GNB,True,included,50.47009572392307,48.44601075297203,0.34643737037978184,10
Jordan Mason,MIN,False,declining_snap_pct_-8.1%,22.54045795747479,19.93265993265993,-8.13387498170107,6
Jordan Whittington,LAR,False,snap_pct_too_low_0.7%,0.7040214695906882,1.0256410256410258,0.09971509971509973,5
Josh Allen,BUF,True,included,59.228291058909846,59.730960861990525,0.9126187103150301,9
Josh Downs,IND,False,missing_snap_data_no_touches,0.0,0.0,0.0,8
Josh Jacobs,GNB,True,included,32.22836900606763,30.981670670432845,-7.937711833855321,10
Josh Oliver,MIN,False,missing_snap_data_no_touches,0.0,0.0,0.0,5
Josh Palmer,BUF,False,missing_snap_data_no_touches,0.0,0.0,0.0,10
Josh Reynolds,NYJ,False,missing_snap_data_no_touches,0.0,0.0,0.0,4
JuJu Smith-Schuster,KAN,False,missing_snap_data_no_touches,0.0,0.0,0.0,10
Julian Hill,MIA,False,missing_snap_data_no_touches,0.0,0.0,0.0,5
Julius Chestnut,TEN,False,recent_snap_pct_too_low_3.0%,3.3692098612311763,2.9716326635490007,-0.7085279252766936,5
Justice Hill,BAL,False,recent_snap_pct_too_low_3.8%,4.060748216582874,3.7539606006336963,-0.5059264050160208,8
Justin Fields,NYJ,False,declining_snap_pct_-48.1%,15.73332707487017,3.4919363044363045,-48.096460049495704,6
Justin Herbert,LAC,True,included,63.81271591961878,64.22726049844694,-3.3341452743409548,10
Justin Jefferson,MIN,False,snap_pct_too_low_0.0%,0.027082585799331694,0.0,0.0,10
Juwan Johnson,NOR,False,missing_snap_data_no_touches,0.0,0.0,0.0,9
KaVontae Turpin,DAL,False,recent_snap_pct_too_low_3.9%,3.3340544204720257,3.9143088958859042,2.233636626978341,10
Kaleb Johnson,PIT,False,recent_snap_pct_too_low_5.2%,6.390276658608649,5.1834733893557425,0.0,3
Kalif Raymond,DET,False,snap_pct_too_low_0.2%,0.2132556742796248,0.0,-0.8620689655172414,5
Kareem Hunt,KAN,True,included,15.311848654789129,16.264201232716974,1.3469798638827033,10
Kayshon Boutte,NWE,False,missing_snap_data_no_touches,0.0,0.0,0.0,9
Keenan Allen,LAC,False,missing_snap_data_no_touches,0.0,0.0,0.0,10
Kendre Miller,NOR,False,recent_snap_pct_too_low_13.6%,12.537981963058149,13.624149659863946,-0.9295347171126505,8
Kenneth Gainwell,PIT,False,declining_snap_pct_-10.0%,8.211499429083025,6.782547166692016,-10.046392599034405,9
Kenny Pickett,LVR,True,included,27.022757311578196,24.2639262702879,0.0,3
Keon Coleman,BUF,False,missing_snap_data_no_touches,0.0,0.0,0.0,7
Khalil Shakir,BUF,False,missing_snap_data_no_touches,0.0,0.0,0.0,9
Kirk Cousins,ATL,True,included,41.05827927089788,47.76393479673419,37.15787419067358,4
Kyle Juszczyk,SFO,False,snap_pct_too_low_0.6%,0.6155763586389138,0.574712643678161,-0.16602809706257982,9
Kyle Monangai,CHI,False,recent_snap_pct_too_low_9.5%,7.672441400909827,9.514062935115566,9.514062935115566,4
Kyle Pitts,ATL,False,missing_snap_data_no_touches,0.0,0.0,0.0,9
Kyle Williams,NWE,False,snap_pct_too_low_1.0%,0.9715340522685321,0.7092198581560284,0.0,3
Kylen Granson,PHI,False,missing_snap_data_no_touches,0.0,0.0,0.0,6
Kyler Murray,ARI,True,included,68.08156978265882,64.8489949258392,-5.852590281151279,10
Kyren Williams,LAR,True,included,34.44628696528981,38.229819563152894,5.493388163199484,10
Ladd McConkey,LAC,False,missing_snap_data_no_touches,0.0,0.0,0.0,9
Lamar Jackson,BAL,True,included,48.54114724202713,46.49427530575071,-9.35683802093589,9
LeQuint Allen,JAX,False,snap_pct_too_low_0.8%,0.7756550728452065,0.966183574879227,-0.6211180124223602,4
Lucas Krull,DEN,False,missing_snap_data_no_touches,0.0,0.0,0.0,6
Luke Farrell,SFO,False,missing_snap_data_no_touches,0.0,0.0,0.0,5
Luke McCaffrey,WAS,False,missing_snap_data_no_touches,0.0,0.0,0.0,7
Luke Musgrave,GNB,False,missing_snap_data_no_touches,0.0,0.0,0.0,5
Luke Schoonmaker,DAL,False,missing_snap_data_no_touches,0.0,0.0,0.0,8
Luther Burden,CHI,False,snap_pct_too_low_0.5%,0.48482833613841153,0.5847953216374269,0.5847953216374269,4
Mac Jones,SFO,True,included,59.43303855772879,60.858585858585855,0.6117899273991156,7
Mack Hollins,NWE,False,missing_snap_data_no_touches,0.0,0.0,0.0,9
Malik Heath,GNB,False,missing_snap_data_no_touches,0.0,0.0,0.0,4
Malik Washington,MIA,False,recent_snap_pct_too_low_0.6%,1.0220366760839765,0.6289308176100629,0.1080974842767295,10
Mark Andrews,BAL,False,snap_pct_too_low_0.7%,0.695134327729864,0.546448087431694,-0.5087197424121078,9
Marquez Valdes-Scantling,SFO,False,snap_pct_too_low_0.5%,0.4958344241690665,0.6944444444444443,0.6944444444444443,6
Marquise Brown,KAN,False,missing_snap_data_no_touches,0.0,0.0,0.0,6
Marvin Harrison Jr.,ARI,False,missing_snap_data_no_touches,0.0,0.0,0.0,10
Marvin Mims,DEN,False,recent_snap_pct_too_low_1.7%,1.6290502526616346,1.6767162866654106,-0.3280651340996166,9
Mason Rudolph,PIT,True,included,50.99837877719027,56.87451209992194,53.30308352849337,4
Mason Taylor,NYJ,False,missing_snap_data_no_touches,0.0,0.0,0.0,4
Matthew Golden,GNB,False,recent_snap_pct_too_low_3.3%,2.620848266522093,3.305960887928101,3.305960887928101,4
Matthew Stafford,LAR,True,included,55.89675893066696,54.02089268755935,-0.31756526725080647,10
Michael Mayer,LVR,False,missing_snap_data_no_touches,0.0,0.0,0.0,9
Michael Penix,ATL,True,included,54.60004137175889,53.034819586543726,-1.2364646847405396,6
Michael Pittman Jr.,IND,False,missing_snap_data_no_touches,0.0,0.0,0.0,9
Michael Wilson,ARI,False,snap_pct_too_low_0.4%,0.4410294180391212,0.4761904761904762,0.4761904761904762,10
Mike Gesicki,CIN,False,missing_snap_data_no_touches,0.0,0.0,0.0,9
Miles Sanders,DAL,False,recent_snap_pct_too_low_7.7%,7.199017261196496,7.708818958818959,0.5659618159618169,4
Mitchell Evans,CAR,False,missing_snap_data_no_touches,0.0,0.0,0.0,3
Mitchell Tinsley,CIN,False,missing_snap_data_no_touches,0.0,0.0,0.0,3
Mitchell Trubisky,BUF,False,recent_snap_pct_too_low_7.0%,6.661511268228017,6.970046082949309,0.0,3
Mo Alie-Cox,IND,False,missing_snap_data_no_touches,0.0,0.0,0.0,5
Nate Adkins,DEN,False,missing_snap_data_no_touches,0.0,0.0,0.0,5
Nick Chubb,HOU,False,declining_snap_pct_-9.8%,18.799492498709366,14.713804713804715,-9.773339071584681,8
Nick Westbrook-Ikhine,MIA,False,missing_snap_data_no_touches,0.0,0.0,0.0,9
Nico Collins,HOU,False,missing_snap_data_no_touches,0.0,0.0,0.0,9
Noah Brown,WAS,False,missing_snap_data_no_touches,0.0,0.0,0.0,4
Noah Fant,CIN,False,missing_snap_data_no_touches,0.0,0.0,0.0,8
Noah Gray,KAN,False,missing_snap_data_no_touches,0.0,0.0,0.0,10
Olamide Zaccheaus,CHI,False,snap_pct_too_low_0.5%,0.5416206915107492,0.46296296296296297,0.46296296296296297,9
Ollie Gordon,MIA,False,recent_snap_pct_too_low_9.4%,9.486835311756531,9.365394192296463,4.714231401598789,4
Omarion Hampton,LAC,True,included,22.136644671812373,20.883298392732357,-4.5404304208269615,4
Parker Washington,JAX,False,snap_pct_too_low_0.1%,0.08492934082235376,0.0,-0.5291005291005291,8
Pat Freiermuth,PIT,False,missing_snap_data_no_touches,0.0,0.0,0.0,9
Patrick Mahomes,KAN,True,included,65.40085480728027,62.41379310344828,-7.657891484365344,10
Payne Durham,TAM,False,missing_snap_data_no_touches,0.0,0.0,0.0,4
Puka Nacua,LAR,False,recent_snap_pct_too_low_1.0%,1.4335368372080137,1.0256410256410258,-1.9181046067838523,10
Quentin Johnston,LAC,False,snap_pct_too_low_0.0%,0.03357948643582905,0.0,0.0,10
RJ Harvey,DEN,False,recent_snap_pct_too_low_10.4%,11.062185273551757,10.369028448738595,1.7975998773100237,4
Rachaad White,TAM,False,declining_snap_pct_-9.9%,13.226174732684951,11.86868686868687,-9.90878738779755,10
Raheem Mostert,LVR,False,recent_snap_pct_too_low_11.3%,10.184823574162067,11.330082080801622,4.946535072254614,6
Rasheen Ali,BAL,False,recent_snap_pct_too_low_5.9%,4.156648631506734,5.863908404892011,3.780575071558678,4
Rashid Shaheed,NOR,False,recent_snap_pct_too_low_1.1%,1.2735122193497446,1.075268817204301,1.075268817204301,4
Rashod Bateman,BAL,False,missing_snap_data_no_touches,0.0,0.0,0.0,8
Ray Davis,BUF,False,recent_snap_pct_too_low_9.6%,9.443478061233927,9.581155608819644,2.416252610583313,8
Ray-Ray McCloud,ATL,False,recent_snap_pct_too_low_1.1%,1.1298172544262879,1.0875331564986739,0.16584487783099022,9
Rhamondre Stevenson,NWE,True,included,15.78920477557791,16.795615731785947,-3.9432025766882326,9
Ricky Pearsall,SFO,False,recent_snap_pct_too_low_1.7%,1.6565829105910175,1.7241379310344829,1.7241379310344829,9
Rico Dowdle,CAR,True,included,31.25672186380485,32.950432847264096,0.8962778519326307,10
Rome Odunze,CHI,False,missing_snap_data_no_touches,0.0,0.0,0.0,10
Romeo Doubs,GNB,False,missing_snap_data_no_touches,0.0,0.0,0.0,8
Roschon Johnson,CHI,False,recent_snap_pct_too_low_4.2%,4.781373255863268,4.151555358985699,0.0,3
Russell Wilson,NYG,True,included,59.96170562631551,64.3532851737186,9.110663307121335,10
Ryan Flournoy,DAL,False,snap_pct_too_low_0.2%,0.18740650163967024,0.0,-0.7575757575757576,5
Ryan Miller,TAM,False,missing_snap_data_no_touches,0.0,0.0,0.0,7
Sam Darnold,SEA,True,included,63.20897985983652,64.14476377630393,-1.0852142867737058,10
Sam LaPorta,DET,False,missing_snap_data_no_touches,0.0,0.0,0.0,10
Samaje Perine,CIN,False,snap_pct_too_low_1.8%,1.8450612088003824,1.5938697318007664,0.5271347940980868,9
Saquon Barkley,PHI,True,included,41.366450064444834,39.92630996545848,-0.5731159817286624,10
Savion Williams,GNB,False,recent_snap_pct_too_low_2.7%,2.127362281524067,2.7107227926900053,2.7107227926900053,4
Scott Miller,PIT,False,missing_snap_data_no_touches,0.0,0.0,0.0,3
Sean Tucker,TAM,False,recent_snap_pct_too_low_9.1%,8.60319840194465,9.057239057239057,4.922341696535245,5
Spencer Rattler,NOR,True,included,65.83986303516546,64.44727891156462,6.815637545340721,7
Stefon Diggs,NWE,False,missing_snap_data_no_touches,0.0,0.0,0.0,4
Sterling Shepard,TAM,False,snap_pct_too_low_0.6%,0.5532672377698492,0.5050505050505051,0.0,9
Stone Smartt,NYJ,False,missing_snap_data_no_touches,0.0,0.0,0.0,5
T.J. Hockenson,MIN,False,missing_snap_data_no_touches,0.0,0.0,0.0,10
Tank Bigsby,JAX,True,included,18.9926600521597,18.22222222222222,1.567816722569276,6
Tanner Hudson,CIN,False,missing_snap_data_no_touches,0.0,0.0,0.0,3
Tee Higgins,CIN,False,missing_snap_data_no_touches,0.0,0.0,0.0,9
Terry McLaurin,WAS,False,missing_snap_data_no_touches,0.0,0.0,0.0,8
Tetairoa McMillan,CAR,False,missing_snap_data_no_touches,0.0,0.0,0.0,4
Tez Johnson,TAM,False,snap_pct_too_low_0.7%,0.6918500069185001,0.5050505050505051,0.0,3
Theo Johnson,NYG,False,missing_snap_data_no_touches,0.0,0.0,0.0,6
Tim Patrick,JAX,False,missing_snap_data_no_touches,0.0,0.0,0.0,8
Tip Reiman,ARI,False,missing_snap_data_no_touches,0.0,0.0,0.0,5
Tommy Tremble,CAR,False,missing_snap_data_no_touches,0.0,0.0,0.0,9
Tony Pollard,TEN,True,included,24.704166354522823,25.28273809523809,-4.6719815146539325,9
Tory Horton,SEA,False,missing_snap_data_no_touches,0.0,0.0,0.0,3
Travis Etienne,JAX,True,included,20.36065723017455,20.31313131313131,1.4533782821292611,9
Travis Hunter,JAX,False,missing_snap_data_no_touches,0.0,0.0,0.0,4
Travis Kelce,KAN,False,missing_snap_data_no_touches,0.0,0.0,0.0,10
Tre Harris,LAC,False,missing_snap_data_no_touches,0.0,0.0,0.0,4
Tre Tucker,LVR,False,recent_snap_pct_too_low_1.0%,1.0919171983990223,0.9694415173867229,0.4138859618311673,10
TreVeyon Henderson,NWE,False,recent_snap_pct_too_low_12.4%,12.659650321700093,12.443171485724676,4.630671485724676,4
Trent Sherfield,DEN,False,missing_snap_data_no_touches,0.0,0.0,0.0,3
Trevor Etienne,CAR,False,recent_snap_pct_too_low_4.2%,5.367199391171994,4.201388888888888,0.0,3
Trevor Lawrence,JAX,False,declining_trend_-12.2%,45.43930450650472,47.453456921740504,-12.208378827051767,5
Trey McBride,ARI,False,missing_snap_data_no_touches,0.0,0.0,0.0,10
Trey Palmer,NOR,False,missing_snap_data_no_touches,0.0,0.0,0.0,3
Troy Franklin,DEN,False,snap_pct_too_low_0.0%,0.0476762995438976,0.0,0.0,9
Tua Tagovailoa,MIA,True,included,64.8121408136074,65.59129429892141,-0.1378723677452598,9
Tucker Fisk,LAC,False,missing_snap_data_no_touches,0.0,0.0,0.0,8
Tucker Kraft,GNB,False,snap_pct_too_low_0.3%,0.3397011646842969,0.4830917874396135,0.4830917874396135,10
Tutu Atwell,LAR,False,snap_pct_too_low_0.2%,0.20231508690329272,0.0,-0.6289308176100629,9
Ty Johnson,BUF,False,recent_snap_pct_too_low_6.6%,5.859332003849027,6.639701721095908,3.046227294288147,9
Tylan Wallace,BAL,False,missing_snap_data_no_touches,0.0,0.0,0.0,7
Tyler Allgeier,ATL,False,recent_snap_pct_too_low_14.8%,13.247096995359907,14.772570979467531,-1.5496355029220155,9
Tyler Badie,DEN,False,snap_pct_too_low_0.6%,0.5919161170302722,0.617283950617284,0.0,3
Tyler Conklin,LAC,False,snap_pct_too_low_0.1%,0.06519022039086414,0.0,0.0,7
Tyler Goodson,IND,False,recent_snap_pct_too_low_2.7%,3.4945584965739585,2.6619828259172524,-1.111602079743125,4
Tyler Higbee,LAR,False,missing_snap_data_no_touches,0.0,0.0,0.0,5
Tyler Lockett,TEN,False,missing_snap_data_no_touches,0.0,0.0,0.0,10
Tyler Warren,IND,False,recent_snap_pct_too_low_1.7%,1.9515315418094386,1.7396184062850726,0.290343043966232,4
Tyquan Thornton,KAN,False,missing_snap_data_no_touches,0.0,0.0,0.0,4
Tyrell Shavers,BUF,False,missing_snap_data_no_touches,0.0,0.0,0.0,3
Tyrod Taylor,NYJ,True,included,44.90664723647694,45.774363322202476,0.0,3
Tyson Bagent,CHI,False,snap_pct_too_low_3.3%,3.3233941329607166,4.064966605950212,0.0,3
Van Jefferson,TEN,False,missing_snap_data_no_touches,0.0,0.0,0.0,9
Wan'Dale Robinson,NYG,False,snap_pct_too_low_0.1%,0.09978205769785492,0.0,-0.6410256410256411,10
Will Dissly,LAC,False,missing_snap_data_no_touches,0.0,0.0,0.0,6
Will Shipley,PHI,False,snap_pct_too_low_2.0%,1.9784990815756591,2.280369903320723,0.0,3
Woody Marks,HOU,False,recent_snap_pct_too_low_14.8%,15.663919559209203,14.829062319882391,9.273506764326836,4
Xavier Hutchinson,HOU,False,snap_pct_too_low_0.0%,0.048551273170112236,0.0,0.0,8
Xavier Legette,CAR,False,snap_pct_too_low_0.6%,0.5943570745868626,0.7575757575757577,0.30712530712530733,7
Xavier Worthy,KAN,False,recent_snap_pct_too_low_3.9%,3.107065296706431,3.932033983008496,2.8652990453058163,8
Zach Charbonnet,SEA,True,included,19.42130808576922,16.433556181093127,-1.6288661163018467,9
Zach Ertz,WAS,False,missing_snap_data_no_touches,0.0,0.0,0.0,9
Zamir White,LVR,False,recent_snap_pct_too_low_5.7%,6.193825159502796,5.723383356425917,0.0,3
Zay Flowers,BAL,False,snap_pct_too_low_0.6%,0.6430060296112965,0.546448087431694,0.05625200900032151,9
Zay Jones,ARI,False,missing_snap_data_no_touches,0.0,0.0,0.0,5
